1;the;50074257
2;to;25557793
3;and;24821791
4;of;23605964
5;a;21889251
6;in;16560377
7;i;14722307
8;that;13441314
9;you;12060967
10;it;11111285
11;is;10173313
12;for;8498936
13;on;6901553
14;was;6851383
15;he;6469768
16;with;6444400
17;this;5562393
18;as;5496470
19;n't;5312220
20;we;5183326
21;be;5048552
22;have;5025573
23;are;4985174
24;not;4686501
25;but;4603799
26;at;4526914
27;they;4505732
28;do;4502940
29;what;3811194
30;his;3762369
31;from;3731282
32;by;3453002
33;or;3421821
34;she;3189351
35;my;3107804
36;all;3097696
37;an;3061527
38;there;2914456
39;so;2902801
40;her;2892425
41;about;2891703
42;me;2851610
43;one;2818942
44;had;2724328
45;if;2710989
46;your;2578275
47;can;2531671
48;who;2510945
49;no;2488975
50;out;2467523
51;has;2444447
52;their;2417362
53;were;2382804
54;like;2368863
55;just;2352138
56;would;2350385
57;up;2333666
58;when;2320759
59;more;2288032
60;will;2264384
61;know;2112737
62;said;2052406
63;did;1890945
64;been;1874778
65;people;1784509
66;get;1744578
67;him;1719620
68;time;1701102
69;them;1693142
70;some;1686328
71;how;1667534
72;now;1655217
73;which;1614076
74;could;1530721
75;think;1493360
76;than;1476213
77;our;1468290
78;into;1461816
79;other;1454666
80;right;1444817
81;here;1414885
82;well;1388889
83;new;1371340
84;then;1350288
85;because;1346956
86;go;1262075
87;see;1258974
88;back;1254771
89;only;1231337
90;these;1223774
91;over;1223233
92;going;1223128
93;us;1161894
94;also;1143161
95;two;1141705
96;first;1140093
97;its;1139557
98;even;1135249
99;good;1130894
100;way;1125106
101;where;1098671
102;after;1086427
103;want;1084605
104;got;1060448
105;very;1038312
106;years;1033075
107;make;1028279
108;any;997954
109;most;997538
110;say;969302
111;much;966838
112;does;965529
113;those;964825
114;down;923964
115;should;921238
116;come;912579
117;many;904040
118;really;896684
119;take;864423
120;may;847033
121;through;841291
122;says;838601
123;why;833752
124;before;822638
125;work;813563
126;still;791726
127;look;776545
128;something;775164
129;too;772471
130;need;757323
131;let;755919
132;little;754281
133;being;750860
134;off;746574
135;day;745652
136;never;744977
137;man;744608
138;last;741851
139;life;720517
140;such;719903
141;world;716009
142;made;707189
143;yeah;705657
144;year;698546
145;oh;687523
146;while;662786
147;around;643386
148;things;631286
149;own;611007
150;same;597472
151;another;596268
152;ca;589387
153;long;584290
154;both;583170
155;use;578271
156;state;577192
157;thing;572447
158;three;571943
159;between;570995
160;every;569326
161;great;565204
162;home;559792
163;each;545542
164;yes;538553
165;lot;535976
166;again;531787
167;tell;530442
168;help;528145
169;president;527770
170;school;527246
171;might;526015
172;am;521882
173;mean;515919
174;find;514119
175;mr;514094
176;house;501127
177;put;500473
178;love;497040
179;better;495677
180;since;495145
181;always;493167
182;next;488954
183;used;487179
184;away;486951
185;part;485751
186;place;475650
187;few;472888
188;thought;472552
189;big;471533
190;against;467839
191;give;462614
192;doing;461787
193;sure;453933
194;best;450898
195;without;444532
196;women;443704
197;children;442631
198;found;442540
199;family;441040
200;na;439317
201;money;437604
202;today;431743
203;must;430788
204;told;427827
205;okay;427310
206;old;426120
207;american;425152
208;during;423699
209;night;422552
210;under;421360
211;left;420993
212;point;420859
213;kind;417126
214;different;413747
215;end;413640
216;show;407393
217;god;405305
218;came;403042
219;ever;402993
220;feel;402775
221;though;401952
222;keep;401067
223;high;398502
224;states;396934
225;enough;396605
226;government;396422
227;anything;395551
228;nothing;383877
229;students;383366
230;until;382431
231;country;377978
232;went;377066
233;city;375602
234;believe;375032
235;once;374966
236;maybe;374724
237;public;374253
238;called;372454
239;call;371200
240;white;369417
241;case;360937
242;talk;360840
243;course;360346
244;percent;357621
245;done;356752
246;gon;355454
247;times;354347
248;actually;354125
249;days;353629
250;real;350225
251;fact;349683
252;men;348932
253;took;347307
254;care;347161
255;number;341916
256;head;340656
257;less;339506
258;yet;338754
259;second;336773
260;system;335054
261;important;331815
262;far;331811
263;hey;331260
264;someone;329132
265;trying;329076
266;getting;327697
267;change;327055
268;week;326765
269;set;326720
270;however;326201
271;water;324518
272;business;324265
273;everything;324150
274;small;323880
275;room;323298
276;wanted;322608
277;least;322283
278;national;322172
279;thank;320990
280;story;319852
281;power;319416
282;group;319261
283;four;319239
284;mother;318786
285;having;318644
286;name;317460
287;woman;317165
288;war;316609
289;information;314377
290;problem;314233
291;job;313048
292;later;312118
293;already;311672
294;game;311458
295;black;310554
296;hard;308390
297;making;308163
298;looking;306321
299;asked;304978
300;million;304230
301;book;303554
302;together;303489
303;face;303463
304;health;300735
305;united;300092
306;question;299932
307;hand;299551
308;father;299459
309;person;297524
310;young;296724
311;often;295831
312;ago;295541
313;seen;294380
314;past;293944
315;social;290452
316;news;289547
317;bad;286991
318;play;286696
319;try;286552
320;coming;286229
321;company;285648
322;others;285353
323;side;285004
324;team;284873
325;read;282747
326;whether;281137
327;able;279622
328;almost;279516
329;political;279516
330;live;279002
331;knew;278209
332;law;277444
333;become;276547
334;start;275954
335;saying;274341
336;open;273322
337;working;272206
338;whole;271161
339;support;270982
340;stop;270980
341;york;270647
342;five;270338
343;probably;269897
344;saw;269465
345;among;267844
346;using;267406
347;research;266341
348;guy;264953
349;idea;264893
350;run;264197
351;makes;263882
352;early;262854
353;else;262260
354;including;261876
355;study;261496
356;john;261313
357;understand;261063
358;top;260825
359;human;257774
360;university;256738
361;talking;256696
362;free;256574
363;along;255995
364;within;255537
365;history;253704
366;morning;253007
367;eyes;251908
368;several;251581
369;line;248583
370;ask;247925
371;mind;247644
372;please;247643
373;program;247198
374;across;246968
375;kids;244758
376;car;244677
377;behind;244552
378;party;243697
379;child;242585
380;america;241743
381;everyone;241508
382;body;240278
383;remember;239818
384;example;239716
385;sorry;237629
386;hear;237525
387;control;237510
388;given;237413
389;rather;236879
390;means;235361
391;data;235073
392;obama;235051
393;started;234505
394;office;234258
395;VERDADERO;233940
396;community;233823
397;wrong;233691
398;months;232486
399;friends;232421
400;general;231978
401;matter;231673
402;move;231115
403;education;230502
404;food;230398
405;heard;230159
406;looked;228872
407;either;228847
408;himself;228764
409;happened;227942
410;s;227885
411;large;227659
412;guys;226717
413;sense;225488
414;center;225284
415;pay;223592
416;leave;223458
417;order;222743
418;music;222578
419;pretty;222515
420;taking;221429
421;police;220863
422;process;220128
423;turn;219696
424;comes;219194
425;lost;219171
426;wo;218749
427;future;218731
428;court;217929
429;table;216451
430;half;215810
431;close;215779
432;hope;215553
433;light;215115
434;minutes;214828
435;seems;214690
436;parents;214632
437;possible;213993
438;reason;213979
439;bit;213633
440;experience;213126
441;area;213061
442;words;212573
443;although;212476
444;wait;211573
445;door;210291
446;felt;210159
447;according;209849
448;air;209488
449;full;208839
450;deal;208688
451;anyone;208054
452;death;207846
453;local;206626
454;hours;205369
455;thanks;204900
456;issue;203757
457;stay;203720
458;age;203043
459;front;202648
460;sometimes;201959
461;instead;201311
462;moment;200434
463;living;199745
464;college;199358
465;girl;198734
466;needs;198688
467;ok;198588
468;plan;198585
469;turned;198282
470;dr;197700
471;bring;197531
472;level;197090
473;major;196857
474;washington;196538
475;clear;195945
476;bill;195178
477;outside;195161
478;service;194554
479;heart;193295
480;friend;193156
481;taken;192392
482;hands;192095
483;perhaps;191562
484;six;191532
485;season;191277
486;members;191203
487;known;190820
488;word;190792
489;problems;190571
490;cut;190431
491;thinking;189977
492;based;189319
493;likely;189242
494;street;189237
495;security;188741
496;son;188676
497;gave;188373
498;themselves;188302
499;late;188229
500;al;188126
501;inside;187262
502;looks;186718
503;especially;186167
504;former;185116
505;federal;185072
506;market;184329
507;began;183906
508;myself;183352
509;nice;182801
510;wife;182510
511;quite;181484
512;gone;181366
513;finally;181335
514;toward;180798
515;military;180732
516;m;179994
517;fine;179869
518;report;179251
519;dead;178826
520;hold;178476
521;questions;178450
522;special;176898
523;baby;176885
524;cause;176415
525;south;175902
526;policy;175808
527;issues;175449
528;phone;175412
529;soon;175313
530;boy;175244
531;hit;175189
532;north;173610
533;economic;172193
534;lives;171665
535;couple;170729
536;rest;170462
537;church;170288
538;goes;169968
539;red;169942
540;class;169413
541;development;168430
542;act;168327
543;above;167379
544;figure;167305
545;watch;167009
546;middle;166975
547;simply;166619
548;happen;166053
549;wants;165971
550;sort;164890
551;personal;164361
552;running;164149
553;needed;164121
554;space;163859
555;tried;163851
556;form;163771
557;easy;163585
558;department;163040
559;exactly;162866
560;view;162660
561;art;162357
562;media;162182
563;building;161919
564;evidence;161481
565;field;161428
566;seem;161032
567;ways;160902
568;provide;160643
569;energy;160492
570;alone;160446
571;ready;160274
572;yourself;160068
573;weeks;160064
574;answer;159150
575;became;158671
576;voice;158537
577;happy;158440
578;gets;157928
579;reading;157852
580;international;157811
581;guess;157705
582;uh;157193
583;certain;157126
584;town;156933
585;meet;156088
586;role;155917
587;results;155848
588;longer;155758
589;worked;155303
590;itself;155036
591;third;154272
592;whatever;154083
593;following;153672
594;single;153374
595;rights;153285
596;tax;153145
597;stuff;153066
598;groups;152959
599;short;152817
600;takes;152292
601;strong;152080
602;per;151895
603;force;151879
604;brought;151780
605;recent;151685
606;available;151451
607;current;151317
608;post;151295
609;fire;150769
610;science;150604
611;society;150423
612;bush;150246
613;feet;150166
614;works;150022
615;month;149669
616;mom;149324
617;americans;148758
618;road;148290
619;interest;147610
620;whose;147526
621;david;147332
622;chance;147167
623;student;147156
624;companies;146935
625;held;146539
626;higher;146037
627;oil;145847
628;break;145817
629;buy;145555
630;west;145535
631;attention;144867
632;seemed;144659
633;win;144540
634;campaign;144517
635;cost;144218
636;dad;144084
637;near;143600
638;services;143284
639;lead;143168
640;sound;143111
641;learn;143056
642;points;142678
643;ground;142675
644;low;142248
645;common;141906
646;position;141856
647;upon;141469
648;private;141288
649;list;140596
650;series;140280
651;continue;140006
652;director;139647
653;hair;139560
654;listen;139530
655;land;139516
656;test;138439
657;stand;138407
658;press;138389
659;film;138312
660;knows;138276
661;certainly;138270
662;share;138270
663;nearly;138053
664;result;138010
665;further;137949
666;action;137590
667;fall;137394
668;check;137264
669;blood;137156
670;shot;137040
671;situation;137010
672;relationship;136943
673;king;136906
674;everybody;136648
675;difficult;136621
676;medical;136560
677;studies;136505
678;site;136419
679;model;135946
680;games;135928
681;killed;135583
682;truth;135265
683;county;135138
684;vote;135107
685;books;134900
686;article;134755
687;earth;134547
688;schools;134479
689;record;134004
690;tonight;133549
691;playing;133358
692;terms;133280
693;movie;133244
694;risk;133195
695;video;133137
696;nation;132797
697;husband;132730
698;return;132680
699;technology;132559
700;present;132265
701;hell;132107
702;key;131612
703;kill;131283
704;project;131215
705;individual;131162
706;nature;131011
707;effect;130900
708;shows;130823
709;involved;130563
710;decision;130462
711;forward;130319
712;photo;130219
713;programs;129954
714;park;129764
715;writing;129466
716;similar;129333
717;met;129149
718;congress;129070
719;green;128989
720;fight;128921
721;fun;128810
722;spent;128547
723;step;128479
724;wrote;128260
725;create;128182
726;feeling;128089
727;teachers;128017
728;dark;127612
729;george;127082
730;include;127004
731;economy;126963
732;california;126859
733;changes;126855
734;wall;126667
735;board;126621
736;paper;126560
737;cases;126256
738;administration;126130
739;industry;126062
740;value;125656
741;agree;125628
742;recently;125628
743;learning;125604
744;price;125077
745;color;124933
746;total;124873
747;natural;124741
748;particular;124661
749;republican;124514
750;clinton;124177
751;sir;123947
752;et;123930
753;beyond;123636
754;usually;123351
755;significant;123117
756;walk;122951
757;qwq;122893
758;summer;122504
759;died;122501
760;michael;122422
761;entire;122406
762;serious;122344
763;ahead;122303
764;officials;122238
765;rate;121972
766;countries;121944
767;practice;121762
768;east;121570
769;poor;121469
770;earlier;121392
771;defense;121079
772;beautiful;120837
773;period;120836
774;reported;120827
775;simple;120790
776;girls;120776
777;drive;120747
778;final;120593
779;daughter;120465
780;quickly;120312
781;moved;120057
782;language;119934
783;financial;119888
784;p;119359
785;race;119259
786;focus;119180
787;areas;119131
788;hour;119072
789;hot;118739
790;brother;118708
791;thus;118680
792;jobs;118556
793;meeting;118548
794;sex;118404
795;decided;118388
796;kept;118112
797;choice;117838
798;type;117672
799;c;117464
800;election;117263
801;interesting;117192
802;note;117131
803;ones;117072
804;add;117042
805;difference;116108
806;speak;115904
807;tv;115813
808;culture;115578
809;somebody;115469
810;moving;115419
811;led;115359
812;write;115340
813;average;115329
814;b;115289
815;knowledge;115218
816;giving;115074
817;bed;115014
818;response;114939
819;increase;114924
820;billion;114898
821;san;114727
822;de;114624
823;potential;114479
824;sent;114430
825;miss;114110
826;eat;113517
827;china;113498
828;despite;113288
829;played;113196
830;deep;113122
831;stories;112939
832;due;112894
833;paul;112865
834;offer;112838
835;changed;112829
836;beginning;112771
837;begin;112445
838;training;112149
839;blue;112093
840;st;111984
841;approach;111936
842;foreign;111815
843;seven;111802
844;performance;111754
845;won;111523
846;population;111511
847;worth;111487
848;access;111377
849;floor;111198
850;lower;110785
851;miles;110753
852;main;110669
853;consider;110639
854;picture;110573
855;mark;110535
856;d;110260
857;kid;110139
858;huge;109956
859;supposed;109923
860;hi;109886
861;staff;109761
862;physical;109635
863;analysis;109477
864;waiting;109323
865;growth;109172
866;cold;108862
867;sit;108843
868;written;108612
869;expected;108607
870;players;108488
871;perfect;108434
872;computer;108193
873;brown;108188
874;career;107782
875;piece;107778
876;watching;107723
877;created;107395
878;star;107361
879;chief;107306
880;legal;107176
881;sign;107165
882;ability;107136
883;teacher;106917
884;workers;106868
885;doctor;106766
886;amount;106731
887;die;106633
888;follow;106496
889;pick;106370
890;quality;106362
891;t;106264
892;http;106193
893;patients;106173
894;learned;106088
895;clearly;106055
896;considered;105913
897;page;105877
898;telling;105703
899;seeing;105651
900;subject;105183
901;author;105126
902;paid;105100
903;shit;105096
904;comments;104935
905;design;104894
906;behavior;104789
907;central;104720
908;families;104444
909;century;104331
910;cover;104297
911;attack;104246
912;particularly;104067
913;completely;104010
914;eight;103906
915;boys;103690
916;numbers;103635
917;fear;103581
918;allow;103039
919;success;102983
920;mrs;102939
921;hospital;102856
922;calls;102730
923;justice;102625
924;save;102530
925;herself;102310
926;bank;102304
927;growing;102055
928;member;101546
929;james;101517
930;specific;101297
931;cool;101172
932;opportunity;101149
933;size;101018
934;expect;100989
935;texas;100975
936;levels;100896
937;pass;100722
938;systems;100709
939;treatment;100661
940;iraq;100450
941;trade;100336
942;below;100311
943;wish;100226
944;drug;100073
945;sleep;100056
946;spend;99948
947;global;99855
948;various;99848
949;received;99692
950;sun;99600
951;trump;99503
952;ten;99483
953;j;99415
954;nobody;99126
955;romney;98987
956;lose;98956
957;dog;98925
958;absolutely;98777
959;safe;98718
960;section;98695
961;events;98690
962;message;98565
963;online;98471
964;trust;98449
965;married;98360
966;anyway;98121
967;effort;98053
968;allowed;98012
969;store;97668
970;eye;97624
971;republicans;97561
972;judge;97545
973;added;97512
974;except;97484
975;happens;97452
976;leaders;97322
977;costs;96736
978;ms;96731
979;plans;96704
980;build;96616
981;minute;96580
982;rules;96574
983;places;96449
984;impact;96337
985;event;96286
986;pain;96264
987;image;96054
988;indeed;95933
989;necessary;95768
990;hurt;95335
991;term;95324
992;sitting;95305
993;fast;95274
994;understanding;95221
995;passed;95173
996;committee;95145
997;send;95142
998;movement;95103
999;democratic;95069
1000;original;95045
1001;older;94885
1002;religious;94549
1003;source;94528
1004;provided;94247
1005;showed;94182
1006;l;94172
1007;jack;94112
1008;review;93913
1009;starting;93909
1010;helped;93559
1011;none;93497
1012;ideas;93491
1013;union;93434
1014;management;93144
1015;address;93094
1016;israel;93079
1017;included;93056
1018;greater;93039
1019;box;92923
1020;sounds;92776
1021;english;92724
1022;range;92654
1023;resources;92596
1024;addition;92588
1025;built;92481
1026;internet;92455
1027;gun;92417
1028;tomorrow;92417
1029;positive;92376
1030;character;92159
1031;complete;92101
1032;effects;92099
1033;content;91964
1034;politics;91739
1035;jesus;91723
1036;pressure;91672
1037;sat;91659
1038;march;91643
1039;meant;91607
1040;born;91553
1041;reality;91527
1042;popular;91500
1043;sister;91372
1044;lack;91370
1045;forces;91308
1046;date;91235
1047;credit;91195
1048;robert;91095
1049;trouble;91026
1050;army;90950
1051;sunday;90939
1052;standing;90839
1053;loss;90823
1054;peace;90666
1055;ball;90567
1056;visit;90537
1057;democrats;90529
1058;asking;90447
1059;window;90411
1060;throughout;90409
1061;required;90339
1062;account;90332
1063;e;90320
1064;district;90231
1065;arms;90154
1066;respect;90144
1067;leaving;90123
1068;scene;90022
1069;therefore;90013
1070;straight;89870
1071;river;89579
1072;search;89480
1073;june;89314
1074;fuck;89192
1075;organization;89126
1076;loved;89053
1077;ran;88988
1078;lived;88950
1079;disease;88855
1080;reasons;88790
1081;unless;88676
1082;friday;88660
1083;nor;88471
1084;majority;88453
1085;environment;88368
1086;rock;88340
1087;r;88330
1088;cancer;88231
1089;daily;88174
1090;reach;88148
1091;stopped;88086
1092;worse;88077
1093;reports;88076
1094;hello;88049
1095;worry;88038
1096;welcome;88029
1097;insurance;87955
1098;heat;87902
1099;followed;87826
1100;lines;87635
1101;related;87548
1102;shall;87489
1103;production;87373
1104;gives;87351
1105;november;87176
1106;coach;87079
1107;forget;87075
1108;gas;87067
1109;explain;86978
1110;marriage;86830
1111;dollars;86769
1112;statement;86767
1113;chicago;86642
1114;onto;86625
1115;fair;86564
1116;skills;86562
1117;standard;86472
1118;weight;86310
1119;crazy;86117
1120;conditions;86091
1121;theory;85916
1122;pm;85849
1123;song;85747
1124;spending;85611
1125;obviously;85464
1126;brain;85417
1127;calling;85307
1128;parts;85267
1129;imagine;85196
1130;favorite;85169
1131;dinner;85119
1132;professional;85051
1133;debate;84994
1134;tom;84901
1135;caught;84874
1136;professor;84840
1137;july;84808
1138;stage;84800
1139;web;84746
1140;rich;84583
1141;cup;84511
1142;club;84327
1143;teaching;84299
1144;sexual;84266
1145;individuals;84259
1146;hate;84191
1147;named;84115
1148;modern;84033
1149;ta;84026
1150;products;84004
1151;senate;83977
1152;n;83966
1153;violence;83938
1154;mine;83876
1155;stood;83875
1156;goal;83857
1157;talked;83848
1158;leader;83843
1159;efforts;83782
1160;comment;83679
1161;whom;83299
1162;base;83281
1163;crime;83139
1164;wonder;83045
1165;television;82707
1166;civil;82575
1167;g;82559
1168;fish;82524
1169;activities;82507
1170;posted;82376
1171;speech;82260
1172;raised;82227
1173;normal;82160
1174;association;82116
1175;beat;82072
1176;rates;81978
1177;version;81919
1178;radio;81877
1179;safety;81877
1180;freedom;81863
1181;opened;81848
1182;clean;81821
1183;bob;81816
1184;letter;81578
1185;eventually;81511
1186;shut;81417
1187;thousands;81392
1188;increased;81254
1189;bottom;81248
1190;budget;81188
1191;immediately;81173
1192;walked;81096
1193;conference;81091
1194;mike;81020
1195;player;81001
1196;female;80981
1197;protect;80853
1198;europe;80845
1199;skin;80734
1200;agency;80609
1201;activity;80554
1202;network;80499
1203;traditional;80482
1204;wan;80368
1205;interview;80366
1206;environmental;80347
1207;sea;80227
1208;october;80194
1209;region;80163
1210;continued;80060
1211;officer;80047
1212;property;80040
1213;holding;79952
1214;touch;79871
1215;developed;79847
1216;fucking;79814
1217;effective;79720
1218;island;79690
1219;smith;79668
1220;mouth;79641
1221;interested;79575
1222;benefits;79543
1223;previous;79540
1224;nuclear;79491
1225;income;79383
1226;directly;79172
1227;afraid;79066
1228;choose;79006
1229;faith;78969
1230;male;78772
1231;laws;78653
1232;western;78519
1233;dream;78440
1234;ice;78402
1235;la;78376
1236;sell;78265
1237;product;78259
1238;turns;78151
1239;hall;78142
1240;rule;78108
1241;evening;78069
1242;successful;78069
1243;cultural;78052
1244;joe;78052
1245;contact;78026
1246;designed;77987
1247;senior;77941
1248;leading;77881
1249;challenge;77872
1250;suddenly;77755
1251;florida;77535
1252;saturday;77347
1253;serve;77337
1254;associated;77320
1255;anybody;77252
1256;willing;77228
1257;limited;77104
1258;reached;77103
1259;critical;77053
1260;council;77024
1261;values;77001
1262;christian;76910
1263;putting;76840
1264;powerful;76825
1265;september;76631
1266;published;76613
1267;trip;76576
1268;photograph;76513
1269;opinion;76475
1270;fat;76448
1271;easily;76411
1272;secret;76267
1273;sam;76235
1274;funny;76148
1275;anymore;76147
1276;grow;76140
1277;pulled;76133
1278;lord;76051
1279;april;76023
1280;speaking;75978
1281;charge;75916
1282;claim;75893
1283;etc;75861
1284;material;75763
1285;fell;75750
1286;realize;75718
1287;fresh;75661
1288;discussion;75648
1289;plus;75633
1290;official;75623
1291;bar;75569
1292;doubt;75544
1293;remain;75512
1294;glass;75340
1295;tough;75317
1296;french;75301
1297;status;75175
1298;walking;75077
1299;sports;74948
1300;executive;74851
1301;compared;74820
1302;basic;74813
1303;generally;74740
1304;larger;74696
1305;finding;74643
1306;mass;74621
1307;camera;74613
1308;capital;74572
1309;biggest;74532
1310;station;74456
1311;quick;74407
1312;closed;74322
1313;concerned;74300
1314;remains;74263
1315;described;74224
1316;sales;74109
1317;neither;74086
1318;conversation;74079
1319;gold;74061
1320;wide;74046
1321;appear;73958
1322;wind;73942
1323;drink;73876
1324;shown;73856
1325;damn;73726
1326;spring;73662
1327;travel;73512
1328;avoid;73491
1329;track;73423
1330;degree;73391
1331;drugs;73381
1332;huh;73320
1333;fit;73280
1334;peter;73079
1335;pull;72907
1336;style;72902
1337;chinese;72858
1338;hundred;72857
1339;primary;72811
1340;trial;72759
1341;secretary;72748
1342;species;72617
1343;lady;72602
1344;offered;72592
1345;additional;72551
1346;surface;72511
1347;league;72471
1348;attorney;72468
1349;title;72439
1350;mostly;72406
1351;ai;72312
1352;arm;72089
1353;wonderful;72016
1354;hearing;72003
1355;enjoy;71921
1356;commercial;71901
1357;rose;71876
1358;kitchen;71859
1359;images;71800
1360;meaning;71690
1361;influence;71636
1362;employees;71613
1363;stock;71592
1364;weekend;71582
1365;jim;71381
1366;appears;71179
1367;purpose;71041
1368;definitely;71013
1369;tree;70808
1370;voters;70660
1371;windows;70625
1372;governor;70570
1373;card;70486
1374;british;70388
1375;taxes;70273
1376;prices;70267
1377;investigation;70243
1378;heavy;70195
1379;amazing;70181
1380;round;70173
1381;records;70155
1382;happening;70151
1383;mary;70121
1384;fighting;69937
1385;direct;69902
1386;complex;69891
1387;coffee;69798
1388;overall;69788
1389;bought;69772
1390;steps;69771
1391;mission;69659
1392;stars;69625
1393;cell;69508
1394;labor;69475
1395;patient;69456
1396;alive;69435
1397;audience;69362
1398;differences;69359
1399;otherwise;69349
1400;excuse;69284
1401;argument;69281
1402;includes;69219
1403;nine;69207
1404;murder;69190
1405;cars;69175
1406;teams;69010
1407;names;68989
1408;suggest;68835
1409;basis;68814
1410;hotel;68809
1411;drop;68763
1412;fans;68744
1413;plant;68641
1414;christmas;68628
1415;senator;68626
1416;highly;68623
1417;standards;68608
1418;monday;68565
1419;failed;68536
1420;text;68508
1421;factors;68471
1422;planning;68380
1423;driving;68329
1424;richard;68323
1425;correct;68322
1426;firm;68312
1427;los;68286
1428;participants;68272
1429;direction;68228
1430;thinks;68173
1431;concern;68090
1432;independent;68046
1433;served;68041
1434;seat;67956
1435;screen;67837
1436;blog;67746
1437;raise;67742
1438;truly;67705
1439;keeping;67700
1440;journal;67691
1441;nations;67636
1442;football;67635
1443;forced;67635
1444;hill;67547
1445;features;67505
1446;details;67475
1447;responsible;67382
1448;apparently;67307
1449;decades;67302
1450;crisis;67295
1451;rise;67246
1452;southern;67235
1453;spoke;67224
1454;memory;67214
1455;sold;67208
1456;becomes;67198
1457;johnson;67177
1458;release;67177
1459;missing;67163
1460;totally;67158
1461;catch;66972
1462;animals;66842
1463;develop;66815
1464;slow;66740
1465;stupid;66726
1466;weapons;66702
1467;notes;66603
1468;strategy;66602
1469;battle;66588
1470;collection;66523
1471;manager;66420
1472;authority;66398
1473;sick;66350
1474;produce;66254
1475;sweet;66147
1476;decisions;66146
1477;worst;66068
1478;currently;66060
1479;presence;66024
1480;trees;66017
1481;european;65950
1482;feels;65936
1483;thomas;65904
1484;folks;65895
1485;negative;65804
1486;watched;65764
1487;wearing;65731
1488;yesterday;65715
1489;somewhere;65679
1490;returned;65641
1491;appeared;65557
1492;join;65556
1493;edge;65539
1494;grew;65537
1495;released;65526
1496;ended;65523
1497;debt;65509
1498;carry;65475
1499;extra;65423
1500;provides;65327
1501;speed;65310
1502;leadership;65293
1503;um;65289
1504;leaves;65226
1505;benefit;65148
1506;latest;65134
1507;items;65091
1508;multiple;65000
1509;intelligence;64953
1510;spirit;64950
1511;seriously;64923
1512;claims;64920
1513;actual;64826
1514;lots;64819
1515;runs;64665
1516;prison;64659
1517;w;64606
1518;beach;64602
1519;policies;64599
1520;citizens;64586
1521;opening;64578
1522;agreed;64569
1523;dance;64527
1524;sources;64520
1525;regular;64397
1526;pictures;64389
1527;ride;64338
1528;museum;64186
1529;measure;64178
1530;dangerous;64155
1531;responsibility;64142
1532;afternoon;64035
1533;spot;63980
1534;f;63975
1535;believed;63962
1536;finished;63897
1537;religion;63868
1538;accept;63845
1539;january;63765
1540;tells;63761
1541;require;63685
1542;machine;63652
1543;scientists;63597
1544;lie;63587
1545;aware;63512
1546;agreement;63507
1547;candidate;63475
1548;band;63422
1549;covered;63332
1550;closer;63303
1551;continues;63288
1552;fully;63268
1553;tuesday;63251
1554;structure;63205
1555;editor;63061
1556;ship;63056
1557;chris;62970
1558;christ;62961
1559;august;62947
1560;chair;62880
1561;bag;62855
1562;researchers;62832
1563;lake;62825
1564;caused;62532
1565;block;62529
1566;attempt;62475
1567;promise;62420
1568;mentioned;62412
1569;realized;62410
1570;homes;62375
1571;code;62351
1572;smile;62350
1573;wow;62315
1574;ii;62200
1575;basically;62127
1576;decide;62105
1577;broken;62064
1578;helping;62016
1579;knowing;61970
1580;climate;61915
1581;generation;61739
1582;twice;61652
1583;winter;61623
1584;parties;61607
1585;sky;61595
1586;turning;61399
1587;throw;61378
1588;presidential;61355
1589;x;61341
1590;receive;61244
1591;corner;61225
1592;setting;61189
1593;actions;61176
1594;apple;61151
1595;threat;61014
1596;filled;60999
1597;largest;60947
1598;slowly;60936
1599;wear;60851
1600;advice;60805
1601;healthy;60803
1602;conservative;60776
1603;target;60748
1604;investment;60683
1605;easier;60667
1606;hundreds;60656
1607;smart;60608
1608;models;60554
1609;mexico;60527
1610;path;60425
1611;paying;60374
1612;surprise;60329
1613;camp;60302
1614;notice;60277
1615;william;60247
1616;gay;60226
1617;picked;60210
1618;cash;60174
1619;showing;60174
1620;liked;60170
1621;offers;60163
1622;officers;60161
1623;foot;60130
1624;types;60070
1625;millions;60018
1626;uses;60012
1627;context;59893
1628;vision;59855
1629;frank;59800
1630;eating;59791
1631;becoming;59736
1632;mental;59734
1633;progress;59709
1634;task;59688
1635;annual;59672
1636;glad;59661
1637;appropriate;59641
1638;cities;59636
1639;spread;59636
1640;instance;59611
1641;magazine;59601
1642;plants;59598
1643;software;59591
1644;surprised;59559
1645;warm;59469
1646;damage;59466
1647;grand;59433
1648;broke;59425
1649;protection;59413
1650;francisco;59364
1651;reform;59344
1652;quiet;59333
1653;handle;59322
1654;sides;59129
1655;moral;59101
1656;iran;59060
1657;scale;59044
1658;african;59005
1659;reduce;58979
1660;dropped;58947
1661;train;58945
1662;clothes;58927
1663;library;58915
1664;interests;58903
1665;active;58859
1666;push;58815
1667;london;58801
1668;steve;58774
1669;vice;58674
1670;changing;58567
1671;weather;58538
1672;cells;58423
1673;academic;58415
1674;animal;58413
1675;improve;58392
1676;demand;58378
1677;strength;58373
1678;mountain;58363
1679;pieces;58332
1680;condition;58322
1681;distance;58268
1682;towards;58262
1683;africa;58258
1684;fund;58252
1685;institute;58192
1686;starts;58138
1687;creating;58112
1688;possibly;58101
1689;customers;58086
1690;sites;58082
1691;tiny;58061
1692;writer;58059
1693;lay;58051
1694;impossible;58014
1695;master;57946
1696;foundation;57913
1697;gotten;57913
1698;teach;57911
1699;concerns;57864
1700;produced;57779
1701;movies;57775
1702;angeles;57767
1703;forms;57739
1704;apartment;57719
1705;projects;57710
1706;survey;57673
1707;count;57644
1708;somehow;57616
1709;exercise;57615
1710;scientific;57561
1711;noted;57538
1712;variety;57511
1713;stone;57458
1714;charles;57438
1715;smaller;57399
1716;bay;57396
1717;wild;57357
1718;mention;57313
1719;guard;57152
1720;losing;57045
1721;thoughts;57044
1722;communities;56980
1723;birth;56972
1724;partner;56948
1725;solution;56939
1726;prepared;56900
1727;crowd;56888
1728;doctors;56880
1729;characters;56844
1730;determine;56816
1731;obvious;56768
1732;planet;56741
1733;arts;56691
1734;thursday;56666
1735;suggested;56627
1736;taught;56622
1737;shape;56601
1738;separate;56593
1739;ah;56574
1740;arrived;56526
1741;balance;56518
1742;virginia;56517
1743;jones;56476
1744;seconds;56396
1745;factor;56371
1746;agent;56370
1747;garden;56364
1748;martin;56338
1749;failure;56317
1750;atlanta;56309
1751;criminal;56306
1752;square;56120
1753;organizations;56103
1754;younger;56098
1755;commission;56080
1756;announced;56005
1757;native;55943
1758;h;55849
1759;measures;55842
1760;worried;55751
1761;advantage;55691
1762;contract;55686
1763;plays;55677
1764;bigger;55604
1765;killing;55585
1766;strange;55570
1767;georgia;55527
1768;slightly;55454
1769;artist;55452
1770;scott;55402
1771;evil;55348
1772;tour;55290
1773;greatest;55273
1774;neighborhood;55186
1775;prevent;55091
1776;historical;55043
1777;finish;55030
1778;apart;55026
1779;legs;54999
1780;goals;54978
1781;honey;54970
1782;double;54943
1783;established;54943
1784;method;54934
1785;experiences;54933
1786;russia;54885
1787;unique;54862
1788;prove;54838
1789;function;54828
1790;host;54773
1791;captain;54761
1792;discovered;54753
1793;cross;54731
1794;familiar;54727
1795;ourselves;54725
1796;funds;54708
1797;voice-over;54695
1798;v;54689
1799;bowl;54623
1800;relationships;54561
1801;identity;54527
1802;users;54477
1803;competition;54442
1804;honor;54413
1805;file;54354
1806;facts;54341
1807;troops;54248
1808;shooting;54229
1809;concept;54156
1810;listening;54138
1811;plane;54111
1812;lee;54069
1813;focused;54058
1814;anywhere;54040
1815;streets;54014
1816;catholic;54008
1817;december;53987
1818;dry;53930
1819;jackson;53879
1820;residents;53795
1821;wednesday;53720
1822;cook;53711
1823;presented;53695
1824;exist;53676
1825;perspective;53634
1826;famous;53632
1827;soldiers;53584
1828;placed;53554
1829;dress;53534
1830;novel;53509
1831;fourth;53506
1832;requires;53459
1833;favor;53451
1834;lawyer;53448
1835;suggests;53389
1836;decade;53352
1837;bear;53348
1838;snow;53292
1839;plenty;53259
1840;background;53192
1841;abuse;53146
1842;missed;53126
1843;exchange;53102
1844;views;53040
1845;empty;53021
1846;attacks;53016
1847;minister;52984
1848;ed;52976
1849;candidates;52968
1850;developing;52958
1851;supreme;52946
1852;shop;52876
1853;conflict;52757
1854;identified;52706
1855;signed;52698
1856;website;52692
1857;tests;52681
1858;materials;52595
1859;colorado;52501
1860;shared;52411
1861;options;52407
1862;restaurant;52382
1863;relations;52373
1864;baseball;52311
1865;practices;52294
1866;stick;52290
1867;soul;52277
1868;fellow;52259
1869;terrible;52192
1870;yards;52139
1871;link;52133
1872;thousand;52115
1873;relatively;52074
1874;signs;52066
1875;japan;52047
1876;tend;52027
1877;coast;52025
1878;construction;51969
1879;proud;51946
1880;option;51915
1881;angry;51907
1882;flight;51904
1883;helps;51894
1884;forever;51864
1885;desire;51859
1886;moon;51840
1887;sad;51817
1888;kinds;51809
1889;extremely;51796
1890;lucky;51795
1891;corporate;51727
1892;prior;51686
1893;storm;51639
1894;regarding;51573
1895;experts;51528
1896;via;51451
1897;wine;51444
1898;importance;51421
1899;feelings;51419
1900;appreciate;51410
1901;heads;51401
1902;letters;51398
1903;unit;51383
1904;emotional;51367
1905;suit;51283
1906;lunch;51274
1907;shoot;51265
1908;traffic;51210
1909;van;51199
1910;division;51169
1911;salt;51032
1912;literature;50953
1913;driver;50904
1914;aside;50890
1915;wake;50890
1916;charges;50878
1917;ryan;50878
1918;adults;50873
1919;medicine;50870
1920;possibility;50842
1921;equipment;50808
1922;expensive;50806
1923;joined;50806
1924;luck;50803
1925;bright;50792
1926;emergency;50758
1927;readers;50747
1928;methods;50737
1929;mistake;50724
1930;banks;50719
1931;tired;50718
1932;truck;50714
1933;em;50680
1934;recognize;50674
1935;indian;50633
1936;waste;50599
1937;classes;50595
1938;matters;50521
1939;border;50492
1940;alternative;50471
1941;facebook;50401
1942;match;50381
1943;institutions;50377
1944;bet;50349
1945;rain;50323
1946;victory;50290
1947;winning;50270
1948;sees;50217
1949;opportunities;50213
1950;providing;50210
1951;busy;50195
1952;ben;50170
1953;carried;50169
1954;google;50143
1955;victims;50089
1956;fox;50042
1957;stress;50001
1958;score;49993
1959;breath;49989
1960;harry;49987
1961;bus;49939
1962;allows;49919
1963;ultimately;49912
1964;unfortunately;49893
1965;begins;49863
1966;youth;49847
1967;businesses;49841
1968;core;49811
1969;gift;49750
1970;connection;49739
1971;fly;49696
1972;aid;49661
1973;educational;49650
1974;larry;49632
1975;neck;49609
1976;comfortable;49595
1977;increasing;49557
1978;forest;49549
1979;mayor;49524
1980;useful;49507
1981;noticed;49490
1982;boat;49485
1983;chairman;49469
1984;digital;49469
1985;grade;49468
1986;japanese;49459
1987;entirely;49396
1988;selling;49361
1989;tools;49359
1990;operation;49354
1991;explained;49339
1992;equal;49320
1993;russian;49304
1994;pages;49269
1995;lights;49245
1996;village;49226
1997;williams;49179
1998;sample;49159
1999;stands;49137
2000;england;49114
2001;adult;49082
2002;identify;49061
2003;owner;49004
2004;lies;48959
2005;specifically;48953
2006;shoulder;48861
2007;cast;48815
2008;walls;48734
2009;scores;48733
2010;bringing;48712
2011;boston;48708
2012;lying;48688
2013;understood;48645
2014;soviet;48591
2015;proposed;48566
2016;fan;48550
2017;determined;48519
2018;guide;48392
2019;coverage;48364
2020;hole;48355
2021;fingers;48334
2022;ring;48322
2023;valley;48322
2024;managed;48291
2025;henry;48248
2026;apply;48236
2027;location;48188
2028;farm;48171
2029;cuts;48140
2030;o;48131
2031;taste;48112
2032;elements;48110
2033;expression;48093
2034;carolina;48078
2035;figures;48016
2036;blame;47985
2037;photos;47981
2038;bodies;47973
2039;careful;47897
2040;hang;47812
2041;unidentified;47749
2042;discuss;47732
2043;domestic;47727
2044;shoes;47706
2045;pointed;47696
2046;ass;47690
2047;testing;47620
2048;faces;47572
2049;soft;47571
2050;quarter;47567
2051;markets;47560
2052;wood;47531
2053;universe;47411
2054;german;47392
2055;dear;47261
2056;massive;47175
2057;honest;47172
2058;chicken;47161
2059;gain;47151
2060;northern;47107
2061;era;46925
2062;excellent;46883
2063;highest;46821
2064;sugar;46807
2065;supply;46795
2066;houston;46790
2067;respond;46765
2068;enter;46752
2069;urban;46752
2070;jewish;46744
2071;yours;46737
2072;germany;46720
2073;buying;46714
2074;dogs;46661
2075;operations;46654
2076;liberal;46625
2077;draw;46608
2078;email;46575
2079;funding;46537
2080;fix;46519
2081;artists;46515
2082;ends;46464
2083;february;46449
2084;illegal;46429
2085;answers;46425
2086;prime;46411
2087;significantly;46404
2088;experienced;46402
2089;humans;46277
2090;roll;46264
2091;tea;46245
2092;moments;46238
2093;keeps;46226
2094;eastern;46205
2095;housing;46202
2096;hoping;46179
2097;democracy;46084
2098;canada;46067
2099;believes;46060
2100;largely;46007
2101;gender;45977
2102;fuel;45931
2103;initial;45825
2104;serving;45765
2105;committed;45721
2106;planned;45704
2107;stuck;45673
2108;houses;45671
2109;france;45670
2110;brothers;45639
2111;unlike;45638
2112;maintain;45628
2113;fill;45602
2114;findings;45600
2115;reaction;45544
2116;affect;45528
2117;guilty;45473
2118;pair;45454
2119;super;45431
2120;beauty;45399
2121;holy;45383
2122;constitution;45379
2123;grown;45333
2124;magic;45296
2125;everywhere;45285
2126;internal;45271
2127;remove;45253
2128;drinking;45236
2129;self;45143
2130;assessment;45123
2131;ohio;45069
2132;shift;45046
2133;treated;45041
2134;increasingly;44981
2135;communication;44956
2136;besides;44873
2137;fbi;44760
2138;necessarily;44714
2139;extent;44585
2140;horse;44581
2141;leads;44539
2142;previously;44525
2143;opposite;44480
2144;seek;44453
2145;marketing;44345
2146;bridge;44312
2147;cnn;44295
2148;songs;44256
2149;argue;44245
2150;assume;44239
2151;scared;44238
2152;wedding;44167
2153;acting;44150
2154;pushed;44109
2155;treat;44065
2156;parent;44061
2157;votes;43917
2158;challenges;43872
2159;plastic;43853
2160;confidence;43844
2161;beer;43834
2162;usual;43822
2163;yellow;43817
2164;grace;43785
2165;occurred;43749
2166;smoke;43722
2167;creative;43693
2168;gray;43685
2169;device;43659
2170;newspaper;43644
2171;likes;43595
2172;don;43589
2173;painting;43553
2174;describe;43523
2175;dealing;43454
2176;uncle;43444
2177;forth;43439
2178;hardly;43425
2179;cards;43361
2180;elected;43297
2181;vs;43297
2182;bunch;43296
2183;personally;43284
2184;map;43265
2185;silver;43234
2186;pounds;43222
2187;victim;43191
2188;considering;43163
2189;ensure;43117
2190;passing;43112
2191;carefully;43079
2192;agencies;43064
2193;chest;43029
2194;afford;42994
2195;remained;42963
2196;meat;42940
2197;jury;42892
2198;daddy;42885
2199;ancient;42878
2200;dan;42854
2201;assistant;42850
2202;object;42782
2203;long-term;42780
2204;classroom;42777
2205;fashion;42746
2206;talks;42734
2207;desk;42723
2208;boss;42700
2209;tony;42633
2210;fired;42627
2211;jump;42623
2212;ought;42612
2213;faster;42591
2214;doors;42582
2215;laugh;42571
2216;tradition;42569
2217;suspect;42566
2218;intended;42546
2219;rare;42529
2220;pool;42521
2221;accident;42428
2222;theater;42399
2223;accepted;42360
2224;admit;42359
2225;sight;42358
2226;id;42350
2227;fields;42342
2228;barely;42336
2229;vehicle;42329
2230;crew;42323
2231;meanwhile;42314
2232;represent;42300
2233;essential;42270
2234;charlie;42265
2235;pattern;42263
2236;moves;42242
2237;choices;42222
2238;circumstances;42025
2239;somewhat;41949
2240;rising;41918
2241;struggle;41878
2242;charged;41871
2243;capacity;41857
2244;clients;41836
2245;proper;41829
2246;feature;41800
2247;cat;41798
2248;giant;41798
2249;breaking;41735
2250;sport;41725
2251;removed;41720
2252;voting;41715
2253;surgery;41702
2254;thin;41675
2255;regional;41670
2256;grant;41658
2257;FALSO;41624
2258;pop;41624
2259;supported;41593
2260;jeff;41587
2261;saved;41574
2262;remaining;41572
2263;percentage;41545
2264;conducted;41541
2265;contrast;41534
2266;display;41516
2267;brings;41513
2268;nose;41500
2269;weird;41500
2270;falling;41496
2271;typically;41493
2272;adding;41455
2273;application;41440
2274;hollywood;41422
2275;ocean;41411
2276;silence;41410
2277;singing;41382
2278;india;41352
2279;denver;41321
2280;tight;41298
2281;solid;41199
2282;applied;41169
2283;existing;41128
2284;temperature;41117
2285;golden;41102
2286;danger;41048
2287;stores;41045
2288;whoa;41003
2289;reporting;40933
2290;merely;40847
2291;typical;40795
2292;k;40774
2293;revealed;40772
2294;request;40768
2295;manner;40738
2296;consequences;40699
2297;owners;40676
2298;kevin;40663
2299;facing;40662
2300;guns;40647
2301;smell;40643
2302;causes;40625
2303;offering;40606
2304;pleasure;40602
2305;metal;40580
2306;fault;40549
2307;suppose;40531
2308;consumer;40516
2309;puts;40507
2310;jr;40506
2311;documents;40504
2312;sets;40497
2313;authorities;40475
2314;holds;40473
2315;subjects;40455
2316;birthday;40452
2317;classic;40444
2318;strike;40442
2319;mix;40399
2320;flow;40346
2321;copy;40331
2322;leg;40318
2323;examples;40215
2324;lawyers;40211
2325;belief;40181
2326;relative;40106
2327;frequently;40068
2328;tool;40067
2329;dozen;40026
2330;print;40026
2331;tape;40016
2332;positions;39994
2333;reference;39983
2334;flat;39967
2335;excited;39938
2336;donald;39889
2337;mad;39889
2338;estate;39887
2339;defined;39885
2340;observed;39867
2341;stayed;39818
2342;basketball;39812
2343;jail;39797
2344;degrees;39784
2345;sarah;39774
2346;strategies;39768
2347;opposition;39766
2348;seeking;39763
2349;sale;39762
2350;dreams;39717
2351;powers;39671
2352;tall;39669
2353;legislation;39617
2354;responses;39562
2355;harder;39555
2356;ha;39540
2357;louis;39524
2358;paris;39505
2359;immigration;39498
2360;buildings;39472
2361;drew;39447
2362;milk;39441
2363;limit;39438
2364;michigan;39399
2365;net;39387
2366;flying;39381
2367;elections;39380
2368;recognized;39301
2369;brian;39299
2370;rice;39281
2371;accounts;39246
2372;davis;39237
2373;joining;39196
2374;studio;39195
2375;articles;39171
2376;agents;39155
2377;literally;39140
2378;till;39109
2379;existence;39104
2380;attitude;39101
2381;y;39067
2382;consumers;39066
2383;inc;39049
2384;patterns;39038
2385;entered;39034
2386;reduced;39031
2387;objects;39026
2388;headed;38983
2389;ladies;38965
2390;usa;38923
2391;voted;38923
2392;technical;38904
2393;jews;38900
2394;relief;38862
2395;papers;38854
2396;client;38835
2397;vast;38828
2398;finds;38826
2399;achieve;38774
2400;nearby;38750
2401;feed;38734
2402;woods;38734
2403;escape;38659
2404;consistent;38632
2405;ray;38623
2406;abc;38610
2407;length;38592
2408;enforcement;38573
2409;explains;38521
2410;authors;38512
2411;sharing;38506
2412;bird;38464
2413;reporter;38431
2414;introduced;38390
2415;writers;38346
2416;survive;38329
2417;films;38313
2418;completed;38312
2419;expert;38312
2420;dying;38305
2421;commitment;38299
2422;colleagues;38290
2423;enemy;38283
2424;kennedy;38241
2425;abortion;38196
2426;e-mail;38177
2427;ad;38146
2428;israeli;38119
2429;allowing;38117
2430;intervention;38117
2431;teeth;38092
2432;perform;38086
2433;eric;38072
2434;upset;38067
2435;relevant;38066
2436;panel;38037
2437;cry;38019
2438;stated;38017
2439;tim;38002
2440;inches;37988
2441;acts;37950
2442;perfectly;37948
2443;orange;37938
2444;wave;37926
2445;creation;37900
2446;calm;37887
2447;album;37885
2448;solar;37854
2449;amendment;37836
2450;combined;37835
2451;fewer;37779
2452;int;37760
2453;broad;37734
2454;carrying;37701
2455;trail;37678
2456;upper;37645
2457;chose;37639
2458;daniel;37605
2459;loves;37605
2460;wondering;37601
2461;paint;37599
2462;blow;37574
2463;matt;37504
2464;jersey;37499
2465;operating;37485
2466;advanced;37483
2467;conclusion;37460
2468;cream;37460
2469;muslim;37432
2470;thick;37384
2471;zone;37377
2472;visual;37370
2473;chapter;37359
2474;ordered;37323
2475;promised;37317
2476;whenever;37295
2477;revolution;37278
2478;birds;37247
2479;bible;37219
2480;rush;37211
2481;suffering;37171
2482;assistance;37158
2483;reasonable;37114
2484;definition;37107
2485;essentially;37076
2486;duty;37063
2487;circle;37039
2488;shirt;37014
2489;wilson;37008
2490;brief;36989
2491;afghanistan;36973
2492;convention;36972
2493;reader;36926
2494;advance;36903
2495;miller;36870
2496;politicians;36857
2497;devices;36856
2498;command;36846
2499;airport;36793
2500;principles;36785
2501;alcohol;36770
2502;revenue;36763
2503;drove;36761
2504;discussed;36729
2505;depression;36725
2506;frame;36707
2507;investors;36689
2508;brand;36675
2509;deeply;36668
2510;alex;36644
2511;cutting;36625
2512;hopes;36608
2513;episode;36606
2514;opposed;36603
2515;fairly;36578
2516;anger;36548
2517;critics;36548
2518;indicated;36543
2519;mess;36522
2520;shopping;36491
2521;topic;36487
2522;transfer;36475
2523;weak;36461
2524;bills;36435
2525;armed;36428
2526;journey;36400
2527;governments;36381
2528;twitter;36368
2529;pregnant;36365
2530;golf;36354
2531;fed;36338
2532;twenty;36338
2533;estimated;36324
2534;unable;36314
2535;guest;36312
2536;buddy;36272
2537;tears;36268
2538;performed;36260
2539;hanging;36257
2540;beneath;36200
2541;violent;36190
2542;asks;36189
2543;falls;36169
2544;statements;36168
2545;arab;36165
2546;joke;36105
2547;appearance;36074
2548;jimmy;36068
2549;hidden;36063
2550;bond;36045
2551;hide;36014
2552;motion;36013
2553;cheese;35996
2554;arizona;35965
2555;capable;35962
2556;parking;35954
2557;appeal;35947
2558;user;35917
2559;affected;35887
2560;occur;35887
2561;combination;35876
2562;queen;35855
2563;chosen;35837
2564;award;35828
2565;santa;35820
2566;struck;35801
2567;aspects;35778
2568;schedule;35771
2569;extreme;35747
2570;increases;35723
2571;affairs;35716
2572;express;35715
2573;laid;35704
2574;max;35701
2575;wealth;35691
2576;el;35682
2577;poverty;35672
2578;welfare;35667
2579;engine;35637
2580;spiritual;35627
2581;ted;35627
2582;talent;35613
2583;warning;35609
2584;injury;35587
2585;partners;35578
2586;cooking;35574
2587;ages;35568
2588;expressed;35519
2589;noise;35468
2590;jordan;35458
2591;raising;35445
2592;click;35426
2593;sleeping;35425
2594;soil;35417
2595;closely;35323
2596;dollar;35311
2597;industrial;35310
2598;nick;35299
2599;re;35289
2600;childhood;35262
2601;selected;35237
2602;rooms;35236
2603;limits;35223
2604;musical;35193
2605;notion;35179
2606;regardless;35178
2607;fail;35176
2608;numerous;35176
2609;conduct;35170
2610;bathroom;35094
2611;sector;35066
2612;lesson;35049
2613;package;35043
2614;located;34986
2615;turkey;34960
2616;constant;34944
2617;diet;34938
2618;route;34888
2619;detail;34883
2620;jerry;34872
2621;claimed;34864
2622;arrested;34848
2623;plate;34843
2624;drawn;34840
2625;joint;34802
2626;agenda;34797
2627;minority;34781
2628;adam;34775
2629;joy;34747
2630;session;34722
2631;korea;34693
2632;encourage;34667
2633;faculty;34662
2634;laughing;34632
2635;flowers;34622
2636;courts;34607
2637;sending;34598
2638;susan;34590
2639;expectations;34583
2640;pocket;34564
2641;tech;34542
2642;prepare;34520
2643;campus;34461
2644;bell;34456
2645;refused;34450
2646;wars;34448
2647;pack;34440
2648;lips;34431
2649;quote;34402
2650;writes;34398
2651;gulf;34395
2652;sharp;34391
2653;exposure;34353
2654;andrew;34351
2655;figured;34340
2656;quit;34338
2657;gop;34328
2658;purchase;34326
2659;sudden;34315
2660;accused;34309
2661;dean;34258
2662;neighbors;34255
2663;beside;34247
2664;hat;34230
2665;shots;34212
2666;graduate;34211
2667;orders;34200
2668;situations;34174
2669;pushing;34173
2670;connected;34135
2671;kelly;34131
2672;threw;34128
2673;regard;34117
2674;witness;34114
2675;ford;34111
2676;shook;34103
2677;reagan;34098
2678;stepped;34088
2679;finger;34029
2680;dna;34005
2681;silent;34005
2682;loud;34000
2683;medium;33987
2684;supporting;33984
2685;contemporary;33979
2686;organized;33939
2687;engineering;33932
2688;tone;33899
2689;smiled;33897
2690;persons;33873
2691;sentence;33867
2692;requirements;33852
2693;reflect;33831
2694;taylor;33820
2695;suicide;33818
2696;cheap;33808
2697;tied;33784
2698;meetings;33779
2699;nervous;33777
2700;surely;33774
2701;immediate;33757
2702;unusual;33744
2703;document;33701
2704;hero;33696
2705;drawing;33691
2706;hits;33691
2707;breakfast;33654
2708;letting;33627
2709;indicate;33625
2710;bedroom;33606
2711;customer;33586
2712;spanish;33562
2713;joseph;33555
2714;sing;33553
2715;anonymous;33539
2716;dressed;33537
2717;split;33524
2718;explanation;33523
2719;bottle;33515
2720;mirror;33515
2721;studied;33515
2722;kiss;33498
2723;manage;33496
2724;colors;33494
2725;instruction;33445
2726;adds;33435
2727;rural;33396
2728;atmosphere;33391
2729;answered;33386
2730;extended;33360
2731;fruit;33355
2732;mixed;33342
2733;regime;33327
2734;winner;33323
2735;selection;33281
2736;dude;33271
2737;secure;33265
2738;actor;33251
2739;bread;33250
2740;philosophy;33250
2741;zero;33227
2742;holiday;33222
2743;units;33221
2744;memories;33208
2745;constantly;33184
2746;recovery;33151
2747;mobile;33137
2748;severe;33114
2749;mail;33095
2750;primarily;33091
2751;heaven;33090
2752;offense;33062
2753;earned;33023
2754;convinced;33014
2755;clinical;32987
2756;minimum;32987
2757;beliefs;32975
2758;theme;32975
2759;electric;32971
2760;engaged;32965
2761;faced;32964
2762;practical;32957
2763;formed;32951
2764;complicated;32946
2765;remembered;32946
2766;ethnic;32881
2767;downtown;32875
2768;employment;32873
2769;dust;32864
2770;hired;32862
2771;rep;32862
2772;centers;32846
2773;chain;32845
2774;techniques;32804
2775;description;32791
2776;row;32788
2777;processes;32783
2778;distribution;32782
2779;pure;32776
2780;steel;32776
2781;fixed;32773
2782;narrative;32768
2783;proof;32757
2784;goods;32742
2785;kick;32731
2786;incident;32709
2787;prefer;32660
2788;therapy;32650
2789;entertainment;32644
2790;recall;32627
2791;improved;32626
2792;foods;32615
2793;pink;32613
2794;ceo;32591
2795;enjoyed;32591
2796;resistance;32591
2797;promote;32579
2798;bomb;32530
2799;dick;32512
2800;elsewhere;32501
2801;represented;32487
2802;waited;32485
2803;dave;32474
2804;blind;32461
2805;argued;32459
2806;tested;32459
2807;outcome;32445
2808;iraqi;32433
2809;awesome;32431
2810;carter;32375
2811;follows;32359
2812;fundamental;32346
2813;category;32320
2814;eggs;32308
2815;staying;32297
2816;begun;32286
2817;howard;32280
2818;weapon;32278
2819;lab;32272
2820;principle;32254
2821;widely;32237
2822;stronger;32229
2823;replace;32224
2824;destroyed;32216
2825;nov;32215
2826;minds;32205
2827;approximately;32201
2828;sought;32199
2829;criticism;32198
2830;judgment;32195
2831;bitch;32185
2832;comparison;32176
2833;owned;32170
2834;cycle;32129
2835;democrat;32113
2836;chemical;32076
2837;continuing;32068
2838;crying;32060
2839;resolution;32050
2840;innocent;32046
2841;decline;32037
2842;trained;32034
2843;facility;32031
2844;fifth;32024
2845;depends;32022
2846;represents;32016
2847;incredible;32006
2848;posts;31971
2849;strongly;31957
2850;racial;31952
2851;transition;31922
2852;purposes;31898
2853;destroy;31858
2854;disaster;31852
2855;draft;31851
2856;transportation;31828
2857;co;31816
2858;billy;31792
2859;rarely;31762
2860;enormous;31716
2861;returns;31687
2862;valuable;31659
2863;volume;31659
2864;iron;31657
2865;shoulders;31650
2866;characteristics;31632
2867;laughed;31614
2868;channel;31611
2869;mm-hmm;31595
2870;rape;31580
2871;recorded;31550
2872;effectively;31543
2873;pro;31530
2874;academy;31488
2875;principal;31488
2876;wet;31472
2877;ill;31470
2878;immigrants;31460
2879;element;31440
2880;platform;31438
2881;q;31422
2882;junior;31410
2883;invited;31408
2884;sidebar;31386
2885;elizabeth;31382
2886;voiceover;31373
2887;messages;31351
2888;narrow;31346
2889;participation;31333
2890;congressional;31280
2891;lessons;31269
2892;harm;31268
2893;error;31265
2894;nfl;31256
2895;representative;31256
2896;tip;31249
2897;ticket;31233
2898;facilities;31218
2899;wondered;31199
2900;dirty;31188
2901;filed;31179
2902;poll;31147
2903;accurate;31112
2904;launch;31110
2905;computers;31093
2906;bike;31080
2907;retirement;31049
2908;shock;31047
2909;retired;31041
2910;signal;31036
2911;wore;31027
2912;mountains;31026
2913;variables;31025
2914;loose;30991
2915;equally;30989
2916;prince;30980
2917;phase;30968
2918;symptoms;30966
2919;height;30948
2920;polls;30935
2921;links;30923
2922;jane;30910
2923;farmers;30906
2924;landscape;30904
2925;engage;30883
2926;nodded;30870
2927;babies;30861
2928;minor;30843
2929;offensive;30822
2930;participate;30814
2931;rid;30813
2932;arrest;30789
2933;speaker;30776
2934;suffered;30773
2935;mothers;30749
2936;attend;30740
2937;ear;30738
2938;fishing;30720
2939;telephone;30715
2940;breast;30702
2941;defend;30702
2942;institution;30693
2943;potentially;30675
2944;trend;30656
2945;demands;30576
2946;dramatic;30574
2947;attempts;30572
2948;perceived;30565
2949;ya;30538
2950;math;30503
2951;barbara;30491
2952;directed;30467
2953;risks;30467
2954;deliver;30465
2955;proposal;30453
2956;smoking;30418
2957;oct;30394
2958;sept;30383
2959;locked;30357
2960;voices;30347
2961;desert;30337
2962;mama;30324
2963;roof;30320
2964;driven;30308
2965;employee;30261
2966;fought;30243
2967;arguments;30221
2968;intellectual;30220
2969;exposed;30170
2970;formal;30139
2971;roger;30134
2972;jan;30133
2973;virtually;30121
2974;regulations;30118
2975;issued;30091
2976;crimes;30074
2977;procedures;30064
2978;interviews;30063
2979;tie;30048
2980;pulling;30039
2981;networks;30033
2982;grab;30025
2983;nights;30025
2984;illinois;30009
2985;approved;30007
2986;establish;29993
2987;normally;29972
2988;guests;29971
2989;solve;29934
2990;inspired;29874
2991;moreover;29860
2992;ordinary;29858
2993;pants;29824
2994;detroit;29805
2995;sand;29800
2996;cable;29797
2997;ending;29788
2998;yard;29787
2999;fiction;29778
3000;grass;29772
3001;passion;29770
3002;visitors;29760
3003;competitive;29758
3004;helpful;29738
3005;gary;29735
3006;sen;29731
3007;jason;29718
3008;exists;29711
3009;adopted;29694
3010;estimates;29676
3011;courses;29671
3012;files;29653
3013;experiment;29652
3014;islamic;29630
3015;vietnam;29619
3016;u;29610
3017;evolution;29607
3018;carbon;29585
3019;nurse;29578
3020;killer;29572
3021;tickets;29555
3022;walks;29551
3023;seats;29525
3024;ears;29511
3025;comfort;29494
3026;reporters;29488
3027;so-called;29485
3028;terrorist;29477
3029;meal;29472
3030;gene;29469
3031;collected;29461
3032;odd;29449
3033;confirmed;29424
3034;personality;29422
3035;delivered;29393
3036;pilot;29393
3037;hillary;29385
3038;settled;29385
3039;highway;29378
3040;pacific;29372
3041;burning;29357
3042;clip;29356
3043;fallen;29355
3044;procedure;29354
3045;clark;29342
3046;license;29341
3047;depending;29294
3048;knife;29274
3049;avenue;29269
3050;rolling;29258
3051;awareness;29255
3052;replaced;29241
3053;exact;29234
3054;achievement;29220
3055;advertising;29212
3056;profit;29189
3057;loan;29175
3058;exciting;29174
3059;gap;29166
3060;wanting;29151
3061;mm;29146
3062;navy;29131
3063;lovely;29118
3064;privacy;29113
3065;lets;29110
3066;properly;29097
3067;originally;29092
3068;statistics;29092
3069;electronic;29074
3070;monitor;29073
3071;linked;29068
3072;asia;29064
3073;asian;29054
3074;aids;29039
3075;applications;29037
3076;girlfriend;29037
3077;boyfriend;29034
3078;and/or;29030
3079;informed;28925
3080;pat;28919
3081;visible;28915
3082;chances;28898
3083;heavily;28893
3084;crash;28880
3085;touched;28879
3086;serves;28874
3087;deserve;28866
3088;latter;28861
3089;un;28838
3090;hurry;28835
3091;butter;28834
3092;lewis;28832
3093;bone;28809
3094;receiving;28808
3095;solutions;28806
3096;independence;28782
3097;roles;28773
3098;reveal;28768
3099;diversity;28758
3100;psychological;28754
3101;controlled;28737
3102;firms;28727
3103;miami;28725
3104;intense;28722
3105;ideal;28706
3106;entry;28705
3107;italian;28704
3108;anderson;28663
3109;plain;28652
3110;edition;28650
3111;counter;28648
3112;communications;28605
3113;commander;28593
3114;contains;28582
3115;hung;28557
3116;burn;28555
3117;hmm;28550
3118;republic;28542
3119;cops;28540
3120;closing;28533
3121;shares;28515
3122;technologies;28505
3123;disagree;28484
3124;worker;28483
3125;defensive;28477
3126;whereas;28475
3127;recognition;28450
3128;pepper;28448
3129;ron;28440
3130;protein;28436
3131;ignore;28422
3132;surrounding;28398
3133;vehicles;28395
3134;tries;28391
3135;assault;28389
3136;rick;28372
3137;permanent;28361
3138;proved;28348
3139;nowhere;28332
3140;lincoln;28330
3141;shame;28322
3142;cbs;28305
3143;hungry;28299
3144;ann;28295
3145;mccain;28289
3146;universal;28277
3147;reserve;28270
3148;constitutional;28265
3149;supporters;28263
3150;shadow;28259
3151;crucial;28246
3152;checked;28234
3153;aspect;28225
3154;granted;28222
3155;bags;28217
3156;patrick;28205
3157;pennsylvania;28204
3158;ridiculous;28203
3159;coat;28202
3160;festival;28189
3161;hunt;28178
3162;savings;28173
3163;sensitive;28136
3164;simon;28122
3165;involvement;28119
3166;heading;28118
3167;tips;28117
3168;cloud;28110
3169;scenes;28100
3170;nt;28099
3171;roughly;28094
3172;mexican;28081
3173;bruce;28069
3174;outcomes;28066
3175;reputation;28056
3176;responded;28056
3177;medicare;28055
3178;sits;28048
3179;switch;28047
3180;genetic;28038
3181;bye;28021
3182;unknown;28010
3183;marine;28004
3184;kidding;28002
3185;mystery;27999
3186;opens;27998
3187;britain;27995
3188;approaches;27994
3189;awful;27988
3190;ultimate;27979
3191;wins;27975
3192;microsoft;27969
3193;explore;27968
3194;cake;27960
3195;massachusetts;27955
3196;kim;27936
3197;sons;27932
3198;lisa;27908
3199;repeat;27868
3200;drunk;27865
3201;survival;27861
3202;inner;27844
3203;darkness;27810
3204;personnel;27804
3205;historic;27802
3206;bureau;27799
3207;iowa;27781
3208;pride;27778
3209;royal;27755
3210;stomach;27740
3211;discovery;27719
3212;citizen;27690
3213;assets;27686
3214;mitt;27671
3215;aunt;27665
3216;waves;27665
3217;measured;27663
3218;seasons;27660
3219;approval;27648
3220;machines;27646
3221;portion;27646
3222;destruction;27630
3223;random;27621
3224;threatened;27619
3225;dancing;27618
3226;hills;27615
3227;opinions;27590
3228;prayer;27589
3229;smooth;27585
3230;ph;27584
3231;initially;27582
3232;item;27576
3233;listed;27570
3234;lift;27569
3235;app;27568
3236;absence;27566
3237;friendly;27566
3238;photographs;27561
3239;allen;27552
3240;suffer;27552
3241;rough;27551
3242;contain;27550
3243;raw;27548
3244;launched;27527
3245;scheduled;27524
3246;skill;27523
3247;visited;27507
3248;involving;27493
3249;horrible;27469
3250;christians;27463
3251;cop;27447
3252;obtained;27447
3253;declared;27440
3254;latin;27436
3255;philadelphia;27421
3256;repeated;27419
3257;concrete;27400
3258;austin;27397
3259;unlikely;27384
3260;mood;27383
3261;returning;27374
3262;gentlemen;27354
3263;swing;27348
3264;liberty;27317
3265;finance;27302
3266;pace;27298
3267;studying;27294
3268;button;27239
3269;palestinian;27229
3270;denied;27221
3271;pan;27210
3272;compare;27207
3273;deficit;27200
3274;anxiety;27199
3275;referred;27195
3276;naturally;27186
3277;cute;27184
3278;athletes;27173
3279;emphasis;27171
3280;hopefully;27159
3281;detective;27157
3282;deeper;27155
3283;throat;27155
3284;forgotten;27139
3285;drama;27126
3286;combat;27125
3287;saddam;27107
3288;angel;27097
3289;resource;27088
3290;sisters;27088
3291;sake;27026
3292;spoken;27020
3293;blocks;27015
3294;apparent;27008
3295;brilliant;26996
3296;knees;26982
3297;stephen;26970
3298;profile;26955
3299;storage;26955
3300;honestly;26943
3301;loans;26918
3302;saving;26915
3303;stops;26908
3304;syria;26894
3305;admitted;26893
3306;hunting;26878
3307;samples;26865
3308;nancy;26858
3309;aggressive;26839
3310;wisdom;26820
3311;andy;26808
3312;seattle;26799
3313;marry;26797
3314;throwing;26786
3315;divided;26766
3316;column;26764
3317;stretch;26762
3318;update;26755
3319;bears;26715
3320;amy;26713
3321;curriculum;26713
3322;reviews;26705
3323;behaviors;26700
3324;radical;26700
3325;harvard;26688
3326;struggling;26677
3327;reaching;26676
3328;sauce;26625
3329;contribute;26624
3330;waters;26613
3331;picking;26599
3332;dating;26590
3333;detailed;26585
3334;elementary;26569
3335;precisely;26552
3336;passage;26536
3337;alan;26531
3338;substantial;26531
3339;illness;26511
3340;curious;26494
3341;plot;26488
3342;hoped;26479
3343;sighs;26464
3344;passes;26457
3345;bones;26451
3346;examine;26449
3347;roberts;26442
3348;biological;26441
3349;improvement;26432
3350;corn;26430
3351;territory;26414
3352;similarly;26408
3353;gathered;26394
3354;juice;26393
3355;grandmother;26380
3356;confused;26368
3357;ongoing;26368
3358;structures;26349
3359;pot;26348
3360;controls;26347
3361;barack;26344
3362;blacks;26334
3363;sandy;26330
3364;clock;26313
3365;household;26308
3366;ap;26305
3367;harris;26305
3368;judges;26301
3369;delivery;26287
3370;occasionally;26284
3371;hitting;26281
3372;mistakes;26269
3373;attitudes;26261
3374;unemployment;26259
3375;categories;26252
3376;im;26246
3377;recommended;26239
3378;chocolate;26236
3379;bobby;26224
3380;index;26220
3381;speaks;26211
3382;cap;26200
3383;egg;26188
3384;evaluation;26182
3385;traveling;26163
3386;championship;26154
3387;confident;26149
3388;foster;26144
3389;colleges;26141
3390;riding;26139
3391;reduction;26122
3392;strategic;26107
3393;sheriff;26104
3394;empire;26087
3395;electricity;26030
3396;trading;26017
3397;deals;25966
3398;laughter;25958
3399;gore;25946
3400;ads;25931
3401;egypt;25927
3402;properties;25927
3403;assumed;25916
3404;objective;25912
3405;rescue;25901
3406;marked;25884
3407;surprising;25871
3408;divorce;25866
3409;amounts;25844
3410;formula;25817
3411;deaths;25813
3412;terror;25798
3413;interpretation;25795
3414;substance;25787
3415;kate;25781
3416;anthony;25753
3417;actors;25723
3418;thrown;25718
3419;addressed;25716
3420;forgot;25713
3421;fred;25698
3422;hurricane;25698
3423;stable;25662
3424;regularly;25660
3425;versus;25656
3426;select;25650
3427;minnesota;25649
3428;cups;25647
3429;cameras;25628
3430;roads;25621
3431;roman;25613
3432;gate;25607
3433;staring;25605
3434;covering;25601
3435;fiscal;25601
3436;terrorism;25588
3437;professionals;25566
3438;tracks;25560
3439;greg;25551
3440;canadian;25548
3441;kansas;25542
3442;earn;25526
3443;clothing;25500
3444;routine;25461
3445;cia;25459
3446;conservatives;25459
3447;lifetime;25455
3448;fees;25422
3449;islam;25415
3450;generations;25414
3451;testimony;25413
3452;phrase;25405
3453;discover;25401
3454;load;25389
3455;phil;25375
3456;branch;25373
3457;regions;25367
3458;attended;25361
3459;veterans;25304
3460;organic;25301
3461;eve;25287
3462;technique;25286
3463;interaction;25285
3464;diverse;25284
3465;managers;25260
3466;injuries;25259
3467;causing;25256
3468;components;25247
3469;expansion;25244
3470;absolute;25223
3471;stadium;25212
3472;sheet;25211
3473;protected;25205
3474;jacket;25173
3475;external;25155
3476;fig;25147
3477;describes;25131
3478;stocks;25119
3479;coaches;25107
3480;coalition;25107
3481;danny;25075
3482;warming;25052
3483;implications;25044
3484;flag;25040
3485;sin;25032
3486;functions;25022
3487;screaming;24990
3488;walker;24978
3489;difficulty;24964
3490;fake;24959
3491;publicly;24956
3492;pray;24953
3493;rapidly;24948
3494;ross;24947
3495;scored;24937
3496;secondary;24927
3497;mainly;24919
3498;dedicated;24903
3499;lock;24899
3500;vacation;24895
3501;burned;24879
3502;define;24875
3503;dirt;24875
3504;asleep;24869
3505;fort;24865
3506;bother;24858
3507;prize;24858
3508;extraordinary;24854
3509;painted;24852
3510;breathing;24848
3511;threats;24838
3512;recommend;24832
3513;buried;24830
3514;mode;24829
3515;roots;24817
3516;abandoned;24816
3517;columbia;24815
3518;stations;24804
3519;creek;24799
3520;port;24796
3521;soldier;24784
3522;pointing;24776
3523;encouraged;24761
3524;peak;24742
3525;keys;24724
3526;bars;24711
3527;demonstrated;24707
3528;tank;24706
3529;dozens;24705
3530;hire;24705
3531;thirty;24698
3532;searching;24695
3533;disappeared;24692
3534;comprehensive;24673
3535;expand;24667
3536;conventional;24663
3537;attacked;24655
3538;exception;24652
3539;narrator;24651
3540;hospitals;24649
3541;regulation;24641
3542;breaks;24626
3543;moore;24622
3544;supplies;24613
3545;belt;24610
3546;representatives;24590
3547;fraud;24583
3548;viewed;24583
3549;infrastructure;24581
3550;examined;24580
3551;wheel;24578
3552;suggesting;24564
3553;efficient;24554
3554;mile;24540
3555;pp;24538
3556;wing;24532
3557;horses;24530
3558;maximum;24525
3559;rocks;24514
3560;involves;24491
3561;steady;24491
3562;economics;24483
3563;weekly;24461
3564;nevertheless;24454
3565;collective;24437
3566;resulting;24417
3567;wash;24415
3568;burden;24404
3569;stream;24393
3570;marks;24378
3571;interior;24375
3572;differently;24372
3573;knee;24372
3574;muslims;24361
3575;psychology;24358
3576;bound;24353
3577;populations;24343
3578;chase;24334
3579;mixture;24325
3580;relax;24323
3581;covers;24321
3582;associate;24304
3583;angle;24297
3584;rolled;24297
3585;humanity;24287
3586;jay;24285
3587;perception;24279
3588;rachel;24254
3589;shake;24249
3590;jumped;24239
3591;quietly;24231
3592;offices;24225
3593;maryland;24215
3594;emerged;24209
3595;framework;24187
3596;attached;24153
3597;remind;24138
3598;kingdom;24135
3599;sounded;24124
3600;gained;24109
3601;presents;24108
3602;edward;24107
3603;logic;24107
3604;gallery;24089
3605;injured;24089
3606;supports;24066
3607;flash;24058
3608;oregon;24049
3609;contributions;24043
3610;beings;24037
3611;wise;24028
3612;crap;24017
3613;laughs;24015
3614;shortly;23999
3615;ugly;23987
3616;root;23985
3617;walter;23985
3618;stared;23981
3619;losses;23964
3620;remarkable;23954
3621;protest;23948
3622;naked;23938
3623;capture;23937
3624;restaurants;23925
3625;sufficient;23924
3626;virus;23916
3627;tower;23889
3628;counsel;23864
3629;consumption;23849
3630;deputy;23829
3631;criteria;23820
3632;visiting;23815
3633;initiative;23791
3634;assembly;23789
3635;australia;23783
3636;priority;23783
3637;pakistan;23776
3638;sessions;23776
3639;everyday;23762
3640;dallas;23760
3641;declined;23752
3642;veteran;23732
3643;replied;23725
3644;introduction;23724
3645;holes;23720
3646;neighbor;23719
3647;impressive;23715
3648;fantastic;23696
3649;handed;23696
3650;indians;23696
3651;fate;23694
3652;ooh;23690
3653;dialogue;23666
3654;ma;23643
3655;ignored;23640
3656;impression;23636
3657;jennifer;23633
3658;ate;23622
3659;crossed;23605
3660;attractive;23600
3661;fool;23589
3662;thats;23582
3663;remote;23581
3664;crack;23578
3665;newly;23545
3666;silly;23513
3667;glasses;23502
3668;odds;23498
3669;hearts;23495
3670;barry;23492
3671;ties;23474
3672;italy;23472
3673;achieved;23450
3674;wolf;23442
3675;gear;23420
3676;vulnerable;23415
3677;emotions;23409
3678;operate;23405
3679;iii;23403
3680;humor;23398
3681;quarterback;23391
3682;legitimate;23390
3683;connect;23387
3684;elite;23372
3685;comedy;23361
3686;moderate;23360
3687;badly;23358
3688;prevention;23354
3689;equivalent;23318
3690;mere;23318
3691;literary;23309
3692;concluded;23305
3693;pitch;23297
3694;correspondent;23288
3695;hiding;23281
3696;menu;23269
3697;desperate;23265
3698;distant;23262
3699;npr;23260
3700;politically;23256
3701;settle;23240
3702;recording;23231
3703;captured;23229
3704;tasks;23219
3705;conversations;23216
3706;founded;23209
3707;sec;23205
3708;muscle;23199
3709;surrounded;23199
3710;frozen;23194
3711;corporations;23186
3712;warned;23174
3713;wisconsin;23173
3714;loving;23168
3715;movements;23162
3716;parks;23141
3717;lifted;23127
3718;drivers;23126
3719;terry;23124
3720;challenging;23122
3721;orleans;23115
3722;incredibly;23110
3723;cooperation;23103
3724;spokesman;23099
3725;universities;23091
3726;temple;23090
3727;settings;23083
3728;connections;23073
3729;compete;23053
3730;phones;23041
3731;extensive;23032
3732;stairs;23029
3733;johnny;23023
3734;pleased;23020
3735;newspapers;23017
3736;rely;23016
3737;videos;23006
3738;vital;23004
3739;affair;23000
3740;ruling;22984
3741;collapse;22975
3742;tables;22969
3743;gang;22958
3744;trick;22926
3745;ban;22916
3746;depth;22911
3747;contained;22909
3748;smiling;22902
3749;fantasy;22882
3750;churches;22874
3751;carly;22869
3752;worldwide;22864
3753;employed;22863
3754;permission;22862
3755;saudi;22854
3756;atlantic;22851
3757;boots;22850
3758;producer;22823
3759;nbc;22804
3760;mount;22802
3761;jake;22800
3762;creates;22792
3763;romantic;22789
3764;reducing;22780
3765;poetry;22779
3766;discussions;22770
3767;investigators;22769
3768;profits;22764
3769;awards;22734
3770;payment;22730
3771;rating;22727
3772;convince;22724
3773;reminded;22723
3774;directions;22722
3775;decent;22719
3776;superior;22704
3777;diseases;22698
3778;belong;22693
3779;settlement;22690
3780;wooden;22689
3781;drives;22683
3782;educators;22680
3783;feedback;22673
3784;uniform;22652
3785;centuries;22646
3786;manhattan;22625
3787;arrive;22619
3788;assigned;22606
3789;concerning;22606
3790;genes;22599
3791;dawn;22597
3792;males;22597
3793;frankly;22596
3794;guidelines;22593
3795;linda;22591
3796;concepts;22575
3797;singer;22567
3798;disabilities;22565
3799;factory;22546
3800;lieutenant;22528
3801;performing;22528
3802;paintings;22527
3803;estimate;22525
3804;wire;22508
3805;instant;22505
3806;ships;22496
3807;attempted;22475
3808;scenario;22475
3809;contest;22470
3810;demonstrate;22470
3811;ease;22456
3812;payments;22450
3813;daughters;22444
3814;manufacturing;22439
3815;anna;22436
3816;hence;22434
3817;deny;22420
3818;establishment;22403
3819;collect;22388
3820;furthermore;22385
3821;stolen;22366
3822;rent;22360
3823;concert;22357
3824;diego;22347
3825;fancy;22329
3826;motor;22328
3827;preparing;22315
3828;painful;22306
3829;vol;22300
3830;nursing;22298
3831;topics;22292
3832;enemies;22290
3833;ambassador;22289
3834;tongue;22280
3835;lane;22274
3836;grounds;22269
3837;negotiations;22264
3838;courage;22263
3839;bonds;22258
3840;boxes;22248
3841;allies;22239
3842;implementation;22239
3843;physically;22231
3844;inflation;22219
3845;temporary;22219
3846;laura;22193
3847;mainstream;22181
3848;congressman;22169
3849;consideration;22162
3850;flesh;22152
3851;rejected;22152
3852;successfully;22152
3853;indicates;22131
3854;knock;22129
3855;ext;22125
3856;checking;22124
3857;baltimore;22122
3858;cousin;22116
3859;dependent;22107
3860;intent;22106
3861;infection;22103
3862;cleveland;22100
3863;rob;22100
3864;alliance;22097
3865;contributed;22097
3866;repeatedly;22084
3867;relation;22076
3868;happiness;22073
3869;discipline;22056
3870;grabbed;22042
3871;processing;22039
3872;alien;22038
3873;sean;22037
3874;url=http;22028
3875;cited;22027
3876;conservation;22025
3877;industries;22023
3878;scholars;22008
3879;resulted;22006
3880;aircraft;21998
3881;ceiling;21993
3882;races;21979
3883;tommy;21979
3884;matthew;21971
3885;defeat;21950
3886;producing;21948
3887;shower;21946
3888;palm;21943
3889;cognitive;21932
3890;morgan;21931
3891;furniture;21929
3892;imagined;21927
3893;beating;21920
3894;expecting;21920
3895;monster;21920
3896;scientist;21917
3897;occurs;21916
3898;grateful;21908
3899;greek;21892
3900;pete;21887
3901;warren;21885
3902;fifty;21883
3903;component;21882
3904;balls;21878
3905;guarantee;21871
3906;packed;21870
3907;spots;21855
3908;tremendous;21846
3909;aim;21840
3910;trends;21838
3911;significance;21835
3912;protecting;21820
3913;physics;21819
3914;targets;21819
3915;wealthy;21817
3916;ministry;21814
3917;iphone;21807
3918;respondents;21806
3919;gifts;21801
3920;imagination;21799
3921;vegetables;21794
3922;baker;21782
3923;prominent;21759
3924;cultures;21745
3925;focusing;21742
3926;wound;21709
3927;lately;21700
3928;theories;21695
3929;champion;21694
3930;entering;21693
3931;vegas;21689
3932;memorial;21678
3933;pregnancy;21675
3934;ratings;21651
3935;subsequent;21619
3936;karen;21617
3937;funeral;21607
3938;mars;21601
3939;celebrate;21573
3940;grandfather;21573
3941;fears;21570
3942;fame;21569
3943;executives;21558
3944;fortune;21556
3945;emerging;21555
3946;locations;21540
3947;bite;21533
3948;behalf;21531
3949;landing;21529
3950;proven;21522
3951;label;21520
3952;amazon;21515
3953;hussein;21513
3954;discrimination;21511
3955;tale;21472
3956;promises;21470
3957;gains;21461
3958;alleged;21460
3959;contrary;21454
3960;fee;21446
3961;pursue;21444
3962;josh;21437
3963;olympic;21431
3964;forgive;21430
3965;satisfaction;21423
3966;listened;21419
3967;scary;21388
3968;efficiency;21387
3969;strip;21378
3970;carl;21361
3971;sequence;21328
3972;legacy;21310
3973;succeed;21303
3974;sorts;21302
3975;enterprise;21296
3976;corporation;21290
3977;mortgage;21288
3978;involve;21282
3979;shore;21277
3980;gross;21269
3981;whoever;21268
3982;gates;21257
3983;ethics;21245
3984;preparation;21244
3985;calories;21231
3986;engagement;21230
3987;hunter;21228
3988;checks;21222
3989;pressed;21215
3990;referring;21188
3991;obtain;21176
3992;gordon;21171
3993;duke;21166
3994;generate;21156
3995;nuts;21156
3996;partly;21149
3997;whites;21147
3998;disappointed;21140
3999;broadcast;21139
4000;laboratory;21138
4001;wrapped;21137
4002;delay;21136
4003;dynamic;21136
4004;deck;21135
4005;couples;21130
4006;string;21127
4007;pope;21112
4008;hated;21103
4009;irish;21056
4010;gather;21055
4011;terrorists;21053
4012;presentation;21049
4013;wings;21049
4014;chamber;21043
4015;consciousness;21032
4016;coal;21030
4017;communist;21020
4018;stability;21016
4019;scope;21012
4020;steven;21003
4021;publication;21001
4022;improving;21000
4023;tournament;20988
4024;gently;20986
4025;layer;20979
4026;steal;20956
4027;i-i;20941
4028;jon;20938
4029;overcome;20934
4030;controversial;20903
4031;generated;20902
4032;kicked;20896
4033;contracts;20893
4034;clouds;20892
4035;priest;20879
4036;maintenance;20878
4037;nasa;20869
4038;simpson;20864
4039;ratio;20861
4040;twelve;20852
4041;instrument;20851
4042;candy;20809
4043;instructions;20806
4044;aimed;20791
4045;opponents;20790
4046;mississippi;20788
4047;punishment;20779
4048;fifteen;20750
4049;integrity;20739
4050;engineers;20736
4051;resident;20728
4052;forum;20720
4053;intelligent;20720
4054;alabama;20717
4055;distinct;20714
4056;tragedy;20708
4057;bucks;20704
4058;insisted;20700
4059;founder;20699
4060;thompson;20697
4061;instruments;20692
4062;luke;20687
4063;survived;20687
4064;rapid;20674
4065;trips;20670
4066;oklahoma;20668
4067;strikes;20666
4068;springs;20655
4069;analyst;20651
4070;acceptable;20649
4071;managing;20635
4072;commerce;20633
4073;mutual;20627
4074;meaningful;20625
4075;respectively;20613
4076;eddie;20599
4077;auto;20590
4078;anniversary;20586
4079;witnesses;20576
4080;assuming;20575
4081;lists;20557
4082;dish;20535
4083;journalists;20535
4084;shelter;20532
4085;boom;20526
4086;predicted;20523
4087;jazz;20522
4088;liquid;20520
4089;bench;20518
4090;analyses;20511
4091;handful;20486
4092;couch;20480
4093;roker;20469
4094;employers;20454
4095;penalty;20452
4096;russell;20443
4097;periods;20440
4098;cleaning;20438
4099;discussing;20400
4100;entrance;20395
4101;recession;20395
4102;disorder;20390
4103;progressive;20390
4104;presidency;20373
4105;salary;20367
4106;copyright;20364
4107;recipe;20362
4108;dates;20361
4109;extension;20360
4110;extend;20356
4111;swear;20356
4112;monitoring;20354
4113;garage;20339
4114;monthly;20332
4115;ken;20329
4116;exit;20327
4117;pulls;20327
4118;spain;20326
4119;wildlife;20322
4120;reflected;20320
4121;retail;20318
4122;refer;20314
4123;soccer;20314
4124;arthur;20313
4125;tension;20306
4126;breathe;20305
4127;drinks;20304
4128;seed;20290
4129;aug;20287
4130;publishing;20284
4131;radiation;20277
4132;entitled;20263
4133;communicate;20261
4134;fence;20260
4135;volunteers;20257
4136;homeless;20255
4137;frequency;20250
4138;uncomfortable;20249
4139;stewart;20236
4140;en;20223
4141;dining;20218
4142;gathering;20217
4143;civilian;20215
4144;racist;20215
4145;oven;20211
4146;sciences;20199
4147;ingredients;20196
4148;arguing;20182
4149;devil;20176
4150;shell;20163
4151;analysts;20161
4152;identification;20150
4153;volunteer;20149
4154;chef;20144
4155;encounter;20140
4156;ghost;20134
4157;alice;20116
4158;trials;20113
4159;innovation;20111
4160;investigate;20101
4161;shocked;20090
4162;climb;20082
4163;leather;20077
4164;tissue;20068
4165;membership;20064
4166;register;20063
4167;resort;20062
4168;capitol;20060
4169;compromise;20058
4170;considerable;20056
4171;approached;20052
4172;phenomenon;20038
4173;visits;20038
4174;districts;20029
4175;lifestyle;20025
4176;expanded;20023
4177;healthcare;20019
4178;automatically;20010
4179;headquarters;20010
4180;sacrifice;20010
4181;seeds;19996
4182;disney;19984
4183;dumb;19977
4184;cried;19976
4185;pretend;19966
4186;script;19962
4187;lands;19938
4188;ma'am;19930
4189;pc;19928
4190;hook;19926
4191;observation;19917
4192;introduce;19916
4193;greatly;19915
4194;nba;19915
4195;preferred;19910
4196;essay;19901
4197;alright;19891
4198;females;19890
4199;variable;19874
4200;earnings;19861
4201;commit;19853
4202;midnight;19846
4203;experimental;19836
4204;rear;19828
4205;motivation;19821
4206;designer;19817
4207;refuse;19815
4208;bloody;19804
4209;graham;19800
4210;upstairs;19795
4211;frequent;19793
4212;perry;19778
4213;fiber;19774
4214;elderly;19771
4215;acknowledge;19753
4216;deer;19741
4217;virtual;19737
4218;contribution;19733
4219;maria;19728
4220;trash;19715
4221;convicted;19713
4222;sooner;19704
4223;corruption;19699
4224;indiana;19692
4225;christopher;19689
4226;swimming;19689
4227;observations;19682
4228;chart;19677
4229;purchased;19677
4230;giants;19674
4231;counts;19673
4232;athletic;19652
4233;wallace;19651
4234;chuck;19648
4235;featured;19647
4236;jonathan;19643
4237;failing;19642
4238;registered;19640
4239;legislative;19626
4240;stake;19616
4241;formation;19613
4242;idiot;19612
4243;acres;19610
4244;salad;19609
4245;horror;19605
4246;pizza;19599
4247;leaned;19591
4248;ruled;19582
4249;relatives;19573
4250;ward;19572
4251;agriculture;19566
4252;fathers;19564
4253;assess;19563
4254;origin;19563
4255;embrace;19562
4256;qualified;19555
4257;adams;19544
4258;unions;19543
4259;slide;19537
4260;peers;19535
4261;las;19532
4262;accomplished;19530
4263;sweat;19530
4264;sanctions;19529
4265;pale;19527
4266;heritage;19515
4267;clinic;19509
4268;alexander;19505
4269;texts;19500
4270;robin;19494
4271;stir;19479
4272;eliminate;19470
4273;brush;19467
4274;battery;19465
4275;sink;19461
4276;anne;19459
4277;pet;19456
4278;corps;19453
4279;secrets;19440
4280;shaking;19439
4281;nelson;19437
4282;reverse;19431
4283;expenses;19428
4284;reliable;19428
4285;cares;19425
4286;consistently;19422
4287;missouri;19419
4288;striking;19419
4289;accounting;19400
4290;reaches;19390
4291;isolated;19387
4292;korean;19387
4293;briefly;19386
4294;genius;19379
4295;references;19379
4296;owe;19378
4297;cigarette;19343
4298;craft;19328
4299;soup;19324
4300;emissions;19314
4301;chairs;19288
4302;guards;19287
4303;profession;19282
4304;lawsuit;19280
4305;confusion;19278
4306;existed;19265
4307;backed;19260
4308;devoted;19258
4309;versions;19251
4310;stem;19238
4311;choosing;19234
4312;investments;19223
4313;predict;19222
4314;explaining;19215
4315;filling;19214
4316;handling;19212
4317;representation;19212
4318;limitations;19211
4319;landed;19200
4320;impressed;19195
4321;pollution;19195
4322;towns;19189
4323;guidance;19178
4324;islands;19174
4325;dennis;19173
4326;broader;19165
4327;dominant;19162
4328;stranger;19155
4329;ceremony;19154
4330;circuit;19146
4331;moscow;19143
4332;pie;19129
4333;adventure;19128
4334;depend;19127
4335;sacred;19123
4336;wayne;19112
4337;viewers;19080
4338;grave;19072
4339;consensus;19067
4340;hardware;19063
4341;chopped;19060
4342;friendship;19054
4343;tobacco;19051
4344;slept;19042
4345;ski;19033
4346;tons;19029
4347;stages;19026
4348;pa;19017
4349;divine;19016
4350;presidents;19006
4351;precious;19000
4352;sections;18999
4353;prosecutors;18997
4354;legislature;18996
4355;gov;18993
4356;sixth;18991
4357;controversy;18989
4358;palestinians;18986
4359;murdered;18980
4360;bin;18976
4361;wherever;18974
4362;editorial;18973
4363;rings;18973
4364;expense;18967
4365;michelle;18967
4366;dig;18966
4367;experiments;18953
4368;olive;18950
4369;traveled;18948
4370;scandal;18940
4371;occasion;18939
4372;reply;18929
4373;scheme;18917
4374;thread;18914
4375;seemingly;18906
4376;spin;18897
4377;combine;18894
4378;conclusions;18894
4379;passengers;18888
4380;preserve;18868
4381;administrative;18865
4382;raises;18864
4383;marijuana;18858
4384;gradually;18857
4385;underlying;18849
4386;cents;18848
4387;summary;18841
4388;flew;18823
4389;saint;18823
4390;timing;18807
4391;chip;18803
4392;actress;18793
4393;nixon;18768
4394;meals;18765
4395;racing;18755
4396;copies;18753
4397;widespread;18736
4398;wounded;18731
4399;summit;18727
4400;drops;18724
4401;valid;18722
4402;dc;18721
4403;wage;18715
4404;bishop;18713
4405;recommendations;18712
4406;representing;18708
4407;diane;18707
4408;insight;18706
4409;charity;18703
4410;grades;18702
4411;reads;18692
4412;beans;18684
4413;yo;18679
4414;pentagon;18677
4415;voter;18677
4416;invest;18676
4417;separated;18673
4418;stopping;18673
4419;racism;18656
4420;diabetes;18655
4421;acquired;18645
4422;uk;18642
4423;le;18621
4424;eager;18619
4425;counting;18614
4426;sue;18614
4427;todd;18606
4428;franklin;18600
4429;directors;18598
4430;suspected;18596
4431;inch;18595
4432;picks;18593
4433;complaints;18591
4434;assist;18588
4435;globe;18587
4436;domain;18577
4437;emily;18572
4438;cotton;18570
4439;maintained;18563
4440;parker;18553
4441;possibilities;18543
4442;muscles;18531
4443;mac;18522
4444;tail;18519
4445;employer;18513
4446;engineer;18513
4447;difficulties;18506
4448;pittsburgh;18498
4449;satisfied;18493
4450;institutional;18481
4451;satellite;18470
4452;garlic;18462
4453;threatening;18448
4454;alert;18443
4455;temperatures;18437
4456;database;18436
4457;bull;18424
4458;lawrence;18420
4459;sophisticated;18416
4460;maps;18410
4461;claiming;18407
4462;dishes;18398
4463;interactions;18390
4464;panic;18385
4465;ours;18372
4466;ethical;18369
4467;competing;18367
4468;clubs;18353
4469;abroad;18348
4470;exclusive;18306
4471;charlotte;18305
4472;slip;18294
4473;chronic;18289
4474;pile;18275
4475;targeted;18270
4476;fascinating;18266
4477;knocked;18256
4478;tennessee;18238
4479;slipped;18226
4480;permit;18203
4481;beef;18196
4482;reflection;18183
4483;bankruptcy;18177
4484;boards;18169
4485;mitchell;18168
4486;brooklyn;18165
4487;boost;18164
4488;prisoners;18164
4489;dare;18160
4490;blew;18156
4491;partnership;18150
4492;appointment;18147
4493;bias;18145
4494;makeup;18142
4495;lowest;18136
4496;format;18125
4497;promoting;18121
4498;repair;18120
4499;dropping;18117
4500;helen;18117
4501;distinction;18108
4502;guitar;18105
4503;designs;18100
4504;officially;18085
4505;thanksgiving;18083
4506;producers;18071
4507;lied;18065
4508;ownership;18064
4509;allegations;18060
4510;margaret;18053
4511;colonel;18048
4512;guilt;18047
4513;appointed;18038
4514;interviewed;18035
4515;fitness;18033
4516;disability;18032
4517;bullet;18031
4518;glory;18030
4519;princess;18028
4520;utility;18028
4521;woke;18017
4522;lt;18012
4523;corp;18009
4524;programming;18008
4525;journalist;17995
4526;feeding;17987
4527;unexpected;17978
4528;rome;17975
4529;adoption;17966
4530;poem;17964
4531;errors;17962
4532;advocates;17959
4533;aaron;17951
4534;loading;17949
4535;peer;17949
4536;annie;17944
4537;agricultural;17941
4538;bent;17940
4539;flood;17936
4540;intention;17934
4541;boring;17932
4542;consent;17931
4543;supra;17913
4544;utah;17911
4545;owns;17907
4546;gaze;17905
4547;adequate;17900
4548;yield;17892
4549;symbol;17887
4550;educated;17881
4551;examination;17851
4552;cabinet;17850
4553;chaos;17849
4554;cuba;17844
4555;robinson;17844
4556;clay;17839
4557;diagnosis;17839
4558;physician;17838
4559;exhibition;17834
4560;inspiration;17833
4561;oldest;17831
4562;gospel;17821
4563;closet;17803
4564;mechanism;17800
4565;marshall;17797
4566;shadows;17794
4567;brave;17791
4568;surprisingly;17791
4569;correctly;17782
4570;acknowledged;17781
4571;loaded;17766
4572;modest;17764
4573;pays;17763
4574;encouraging;17757
4575;carries;17755
4576;recalls;17752
4577;lit;17751
4578;mask;17751
4579;hispanic;17747
4580;boundaries;17746
4581;worlds;17736
4582;bare;17730
4583;doc;17728
4584;roy;17722
4585;creature;17720
4586;wells;17718
4587;overwhelming;17716
4588;winds;17713
4589;assumption;17707
4590;closest;17704
4591;craig;17704
4592;mg;17695
4593;calif;17691
4594;overseas;17691
4595;concentration;17682
4596;healing;17678
4597;creatures;17674
4598;essence;17674
4599;powder;17673
4600;commonly;17664
4601;doug;17661
4602;goodbye;17656
4603;invasion;17653
4604;maintaining;17653
4605;jesse;17651
4606;rev;17650
4607;currency;17648
4608;argues;17643
4609;counseling;17628
4610;cooper;17623
4611;reveals;17622
4612;signals;17618
4613;borders;17611
4614;exhibit;17607
4615;influenced;17604
4616;reflects;17603
4617;garbage;17598
4618;nonetheless;17595
4619;deadly;17587
4620;effectiveness;17586
4621;statistical;17579
4622;drag;17568
4623;cliff;17564
4624;apologize;17561
4625;aging;17547
4626;balanced;17537
4627;louisiana;17528
4628;spare;17524
4629;julie;17522
4630;feb;17519
4631;discourse;17512
4632;neighborhoods;17508
4633;stroke;17508
4634;ow;17491
4635;mommy;17488
4636;bid;17480
4637;cure;17479
4638;resolve;17460
4639;galaxy;17459
4640;chuckles;17457
4641;banking;17436
4642;log;17436
4643;overnight;17436
4644;jerusalem;17433
4645;celebration;17425
4646;campaigns;17419
4647;mall;17417
4648;judy;17407
4649;genuine;17405
4650;intensity;17400
4651;complaint;17396
4652;titles;17394
4653;conspiracy;17392
4654;suits;17386
4655;tear;17382
4656;trigger;17375
4657;inevitable;17372
4658;theatre;17372
4659;trillion;17366
4660;habit;17364
4661;oral;17358
4662;expanding;17356
4663;potatoes;17356
4664;slight;17350
4665;alongside;17336
4666;productive;17335
4667;turner;17334
4668;billions;17333
4669;integrated;17331
4670;gods;17329
4671;arena;17328
4672;restrictions;17327
4673;cats;17326
4674;wright;17317
4675;congratulations;17314
4676;lemon;17300
4677;carol;17287
4678;harbor;17269
4679;sheets;17260
4680;announcement;17259
4681;yep;17257
4682;rhetoric;17253
4683;practically;17246
4684;trace;17243
4685;behavioral;17241
4686;porch;17239
4687;enjoying;17236
4688;underground;17231
4689;transport;17227
4690;praise;17226
4691;doctrine;17223
4692;rank;17212
4693;attempting;17209
4694;stole;17208
4695;tube;17205
4696;peoples;17203
4697;acid;17197
4698;hip;17197
4699;piano;17197
4700;endless;17196
4701;buck;17191
4702;hiring;17167
4703;worn;17159
4704;chips;17154
4705;promising;17136
4706;venture;17134
4707;dramatically;17123
4708;describing;17121
4709;liberals;17118
4710;basement;17112
4711;demanding;17109
4712;composition;17108
4713;ethan;17105
4714;spaces;17105
4715;gym;17104
4716;containing;17092
4717;lonely;17086
4718;suggestions;17083
4719;reward;17082
4720;nurses;17078
4721;audio;17069
4722;treaty;17069
4723;comic;17053
4724;tennis;17051
4725;explosion;17043
4726;manufacturers;17028
4727;ranks;16997
4728;smiles;16990
4729;bitter;16986
4730;expertise;16982
4731;activists;16980
4732;attending;16977
4733;antonio;16976
4734;horizon;16974
4735;peaceful;16970
4736;kerry;16949
4737;mouse;16946
4738;jean;16945
4739;brazil;16944
4740;jefferson;16942
4741;parallel;16935
4742;developments;16932
4743;forcing;16924
4744;pen;16921
4745;providers;16921
4746;rational;16921
4747;amber;16900
4748;architecture;16899
4749;lean;16890
4750;crystal;16885
4751;sexy;16883
4752;themes;16883
4753;affordable;16879
4754;donaldson;16879
4755;apps;16878
4756;cleared;16878
4757;douglas;16872
4758;slave;16872
4759;arrival;16871
4760;trucks;16868
4761;artistic;16862
4762;stones;16858
4763;jet;16831
4764;talented;16830
4765;va;16830
4766;invisible;16824
4767;prospect;16824
4768;butt;16823
4769;wages;16814
4770;importantly;16811
4771;consultant;16809
4772;acceptance;16794
4773;commissioner;16786
4774;regulatory;16784
4775;accessible;16783
4776;morris;16778
4777;replacement;16772
4778;tracking;16769
4779;perceptions;16762
4780;kentucky;16760
4781;recalled;16759
4782;orientation;16750
4783;subtle;16747
4784;planes;16746
4785;damaged;16739
4786;rally;16739
4787;goddamn;16734
4788;oxygen;16732
4789;toys;16730
4790;ballot;16721
4791;pause;16711
4792;excitement;16699
4793;possession;16693
4794;trapped;16693
4795;burst;16690
4796;prosecutor;16688
4797;circles;16684
4798;traditions;16683
4799;functional;16682
4800;christianity;16671
4801;accuracy;16668
4802;simultaneously;16649
4803;twin;16637
4804;opera;16625
4805;ronald;16625
4806;engaging;16624
4807;epa;16622
4808;baking;16620
4809;hiv;16618
4810;murphy;16615
4811;habits;16613
4812;shed;16610
4813;emotion;16609
4814;transformation;16606
4815;bullshit;16603
4816;jeans;16597
4817;integration;16593
4818;gravity;16584
4819;heroes;16584
4820;conflicts;16579
4821;cohen;16578
4822;branches;16572
4823;meets;16549
4824;glanced;16524
4825;victor;16518
4826;physicians;16514
4827;refugees;16514
4828;connecticut;16506
4829;refers;16505
4830;advocate;16499
4831;debates;16499
4832;evident;16496
4833;biology;16493
4834;fires;16492
4835;angels;16489
4836;spell;16488
4837;gaza;16484
4838;kong;16477
4839;alaska;16475
4840;enhance;16470
4841;eligible;16468
4842;invite;16467
4843;bacteria;16464
4844;reforms;16464
4845;mate;16462
4846;installed;16453
4847;justin;16448
4848;requirement;16446
4849;purple;16445
4850;min;16436
4851;punch;16435
4852;relate;16432
4853;attracted;16419
4854;attorneys;16417
4855;lawn;16415
4856;farther;16404
4857;crossing;16400
4858;jokes;16397
4859;occasional;16388
4860;flavor;16384
4861;confirm;16377
4862;requests;16377
4863;evaluate;16374
4864;fabric;16374
4865;journalism;16370
4866;sustainable;16370
4867;african-american;16369
4868;videotape;16358
4869;celebrity;16357
4870;proportion;16357
4871;input;16354
4872;scholarship;16354
4873;implement;16352
4874;cabin;16351
4875;worthy;16350
4876;abstract;16349
4877;alarm;16344
4878;wishes;16344
4879;remarks;16337
4880;da;16335
4881;resist;16325
4882;defending;16322
4883;treatments;16318
4884;myth;16317
4885;jacob;16316
4886;languages;16311
4887;joins;16309
4888;blues;16294
4889;oscar;16283
4890;bow;16281
4891;cal;16280
4892;flower;16277
4893;attract;16271
4894;brad;16269
4895;magazines;16267
4896;responsibilities;16261
4897;plates;16256
4898;improvements;16250
4899;challenged;16245
4900;dispute;16238
4901;justify;16238
4902;screening;16233
4903;classical;16229
4904;appeals;16228
4905;surveillance;16226
4906;disappear;16217
4907;photographer;16204
4908;complain;16201
4909;desired;16196
4910;miracle;16195
4911;gm;16194
4912;privilege;16192
4913;struggled;16187
4914;nato;16185
4915;anchor;16181
4916;calculated;16180
4917;regarded;16179
4918;sum;16179
4919;cookies;16176
4920;reminds;16175
4921;pound;16174
4922;regret;16158
4923;printed;16157
4924;sergeant;16151
4925;campbell;16140
4926;structural;16140
4927;responding;16139
4928;whispered;16136
4929;noon;16133
4930;tap;16129
4931;fuckin;16125
4932;logical;16125
4933;counties;16123
4934;vary;16114
4935;generous;16111
4936;senators;16104
4937;handled;16095
4938;arabia;16092
4939;pleasant;16090
4940;crown;16084
4941;shops;16084
4942;custody;16081
4943;equality;16080
4944;cruise;16067
4945;signing;16067
4946;baghdad;16061
4947;insane;16061
4948;frustration;16052
4949;judicial;16052
4950;realistic;16048
4951;jamie;16046
4952;tune;16045
4953;sword;16036
4954;edwards;16035
4955;firing;16030
4956;adopt;16022
4957;wrap;16021
4958;nomination;16019
4959;compensation;16015
4960;requiring;16005
4961;mathematics;16000
4962;handsome;15998
4963;luxury;15985
4964;francis;15981
4965;teen;15980
4966;implemented;15972
4967;lobby;15971
4968;rivers;15971
4969;signature;15971
4970;hong;15970
4971;stanford;15967
4972;administrators;15956
4973;spectrum;15947
4974;theoretical;15946
4975;solo;15941
4976;technological;15934
4977;deserves;15930
4978;ranging;15925
4979;conscious;15918
4980;divide;15917
4981;collins;15906
4982;touching;15903
4983;enable;15900
4984;documentary;15897
4985;coaching;15895
4986;ranch;15889
4987;abilities;15878
4988;maine;15877
4989;actively;15866
4990;gentle;15865
4991;excess;15863
4992;o'reilly;15863
4993;styles;15860
4994;demanded;15852
4995;beast;15850
4996;lucy;15849
4997;frustrated;15848
4998;revenues;15843
4999;decrease;15838
5000;tag;15832
5001;observe;15831
5002;preformatted;15831
5003;transmission;15830
5004;grocery;15824
5005;martha;15824
5006;wider;15823
5007;hampshire;15822
5008;photography;15821
5009;teaspoon;15819
5010;caring;15808
5011;backs;15807
5012;goodness;15802
5013;parliament;15793
5014;clue;15787
5015;societies;15777
5016;burns;15775
5017;continuous;15761
5018;provisions;15761
5019;olympics;15755
5020;literacy;15738
5021;dried;15735
5022;segment;15734
5023;nationwide;15733
5024;toilet;15733
5025;collaboration;15732
5026;participating;15730
5027;output;15729
5028;suggestion;15726
5029;jose;15723
5030;civilization;15716
5031;historically;15715
5032;approaching;15709
5033;hers;15704
5034;posting;15704
5035;legend;15701
5036;slavery;15700
5037;addressing;15698
5038;manual;15694
5039;powell;15692
5040;duties;15691
5041;wheels;15688
5042;compelling;15687
5043;violation;15687
5044;performances;15679
5045;developers;15676
5046;uh-huh;15673
5047;awake;15670
5048;opponent;15670
5049;trauma;15668
5050;bits;15667
